ID,code,user_id,user_code,department_id,department_ids,department_parent_id,department_parent_code,title,date_suggest,desc,is_detail,type,app_approval_status,app_approval_status_step,app_approval_current_node_deadline,app_approval_ids,app_approval_id_codes,app_approval_current_id,app_approval_current_code,project_id,plan_id,created_by_id,created_by_code,date_created,total_price,product_type_ids,service_type_ids,app_approval_version_id,details,product_category,last_comments,num_file
9,DX00007,9,,5,5,,,Mua đồ khấu hao dự trù đám thiết kế 240114,2024-07-03 00:00:00,,0,ARISE,APPROVED,,,2,,2,,,,9,,2024-07-03 15:38:30,0.00000,"5,5,5",,14,,0,,0
10,DX00008,24,,12,12,,,Trang bị lắp đặt máy lạnh Sharp 2HP cho phòng Marketing,2024-07-12 00:00:00,,0,ARISE,APPROVED,,,24,,1,,,,24,,2024-07-12 08:47:38,0.00000,18,,14,,0,,0
11,DX00009,9,,5,5,,,Vật tư bổ sung tháng 7,2024-07-15 00:00:00,,0,ARISE,APPROVED,,,2,,2,,,,9,,2024-07-15 11:41:08,0.00000,"5,5,5,4",,14,,0,,0
12,DX00010,9,,5,5,,,mua cồn rửa tay cho vận hành vệ sinh,2024-07-23 00:00:00,,0,ARISE,APPROVED,,,2,,2,,,,9,,2024-07-23 12:02:05,0.00000,4,,14,,0,,0
13,DX00011,25,,6,6,,,Điện thoại Hotline,2024-07-23 00:00:00,,0,ARISE,APPROVED,,,,,5,,,,25,,2024-07-23 14:19:59,0.00000,18,,14,,0,,0
14,DX00012,21,,10,10,,,Dụng cụ hỗ trợ quay Video Marketing,2024-07-25 00:00:00,,0,ARISE,APPROVED,,,,,5,,,,21,,2024-07-25 13:54:18,0.00000,"18,18,18,18",,14,,0,,1
15,DX00013,25,,6,6,,,Bàn làm việc đặt ở PV MĐQ,2024-07-30 00:00:00,,0,ARISE,APPROVED,,,12,,12,,,,25,,2024-07-30 09:57:52,0.00000,,,14,,0,,0
16,DX00014,25,,6,6,,,Bàn làm việc đặt ở PV MĐQ,2024-07-31 00:00:00,,0,ARISE,APPROVED,,,12,,12,,,,25,,2024-07-31 16:35:52,0.00000,,,14,,0,,0
17,DX00015,2,,4,4,,,Đồng phục vest đạo tỳ,2024-08-01 00:00:00,,1,ARISE,APPROVED,,,,,6,,,,2,,2024-08-01 10:28:22,31800000.00000,18,,14,,0,,0
18,DX00016,21,,10,10,,,In Ấn Tờ Rơi Hộc Lưu Tro Cốt và Bìa Hồ Sơ Blackstones,2024-08-05 00:00:00,,0,ARISE,APPROVED,,,,,5,,,,21,,2024-08-05 14:54:30,0.00000,"19,19",,14,,0,,2
19,DX00017,9,,5,5,,,Mua thêm bàn phật thay thế,2024-08-05 00:00:00,,0,ARISE,APPROVED,,,2,,2,,,,9,,2024-08-05 17:37:09,0.00000,5,,15,,0,,0
20,DX00018,25,,6,6,,,ĐỒNG PHỤC THÁP CỐT,2024-08-07 00:00:00,,0,ARISE,APPROVED,,,12,,12,,,,25,,2024-08-07 10:17:24,0.00000,19,,14,,0,,0
21,DX00019,21,,10,10,,,In namecard cho Sales Tháp Tứ Ân - Minh Đăng Quang,2024-08-07 00:00:00,Nhân sự: Hưng (PTTT)  và Thắng (PTTT): Mỗi người 2 Hộp<div>Nhân sự: Sales còn lại mỗi người : 5 hộp</div>,0,ARISE,APPROVED,,,,,5,,,,21,,2024-08-07 15:36:02,0.00000,19,,14,,0,,1
22,DX00020,9,,5,5,,,mua rèm trắng cho đám đặc biệt 240804,2024-08-12 00:00:00,,0,ARISE,APPROVED,,,2,,2,,,,9,,2024-08-12 10:00:08,0.00000,5,,14,,0,,0
23,DX00021,9,,5,5,,,Vật tư khấu hao tháng 8,2024-08-13 00:00:00,,0,ARISE,APPROVED,,,2,,2,,,,9,,2024-08-13 10:03:29,0.00000,5,,14,,0,,0
24,DX00022,25,,6,6,,,ĐỒNG PHỤC THÁP CỐT MÀU ĐEN,2024-08-13 00:00:00,"<span style=""color:rgb(8,28,54);font-family:SegoeuiPc, 'Segoe UI', 'San Francisco', 'Helvetica Neue', Helvetica, 'Lucida Grande', Roboto, Ubuntu, Tahoma, 'Microsoft Sans Serif', Arial, sans-serif;font-size:15px;font-style:normal;font-weight:400;letter-spacing:0.2px;text-indent:0px;text-transform:none;background-color:rgb(255,255,255);float:none;"">Áo đen (đồng phục Sales - Trực dự án, trực đám,..)</span><div><span style=""color:rgb(8,28,54);font-family:SegoeuiPc, 'Segoe UI', 'San Francisco', 'Helvetica Neue', Helvetica, 'Lucida Grande', Roboto, Ubuntu, Tahoma, 'Microsoft Sans Serif', Arial, sans-serif;font-size:15px;font-style:normal;font-weight:400;letter-spacing:0.2px;text-indent:0px;text-transform:none;background-color:rgb(255,255,255);float:none;""><span style=""color:rgb(8,28,54);font-family:SegoeuiPc, 'Segoe UI', 'San Francisco', 'Helvetica Neue', Helvetica, 'Lucida Grande', Roboto, Ubuntu, Tahoma, 'Microsoft Sans Serif', Arial, sans-serif;font-size:15px;font-style:normal;font-weight:400;letter-spacing:0.2px;text-indent:0px;text-transform:none;background-color:rgb(255,255,255);float:none;"">Note: đồng phục cấp 1 lần, nhân viên tự đặt mua thêm khi có nhu cầu</span><br /><br /></span></div>",0,ARISE,APPROVED,,,12,,12,,,,25,,2024-08-13 10:24:03,0.00000,19,,14,,0,,0
25,DX00023,25,,6,6,,,ĐỒNG PHỤC THÁP CỐT MÀU TRẮNG,2024-08-13 00:00:00,"<span style=""color:rgb(8,28,54);font-family:SegoeuiPc, 'Segoe UI', 'San Francisco', 'Helvetica Neue', Helvetica, 'Lucida Grande', Roboto, Ubuntu, Tahoma, 'Microsoft Sans Serif', Arial, sans-serif;font-size:15px;font-style:normal;font-weight:400;letter-spacing:0.2px;text-indent:0px;text-transform:none;background-color:rgb(255,255,255);float:none;"">Áo trắng (Office - Hưng, Thắng, Bảo, bổ sung cho PTTT và MKT khi thực hiện event). </span><div><span style=""color:rgb(8,28,54);font-family:SegoeuiPc, 'Segoe UI', 'San Francisco', 'Helvetica Neue', Helvetica, 'Lucida Grande', Roboto, Ubuntu, Tahoma, 'Microsoft Sans Serif', Arial, sans-serif;font-size:15px;font-style:normal;font-weight:400;letter-spacing:0.2px;text-indent:0px;text-transform:none;background-color:rgb(255,255,255);float:none;""><span style=""color:rgb(8,28,54);font-family:SegoeuiPc, 'Segoe UI', 'San Francisco', 'Helvetica Neue', Helvetica, 'Lucida Grande', Roboto, Ubuntu, Tahoma, 'Microsoft Sans Serif', Arial, sans-serif;font-size:15px;font-style:normal;font-weight:400;letter-spacing:0.2px;text-indent:0px;text-transform:none;background-color:rgb(255,255,255);float:none;"">Note: đồng phục cấp 1 lần, nhân viên tự đặt mua thêm khi có nhu cầu</span><br /></span></div>",0,ARISE,APPROVED,,,12,,12,,,,25,,2024-08-13 10:27:21,0.00000,19,,14,,0,,0
26,DX00024,2,,4,4,,,Mua máy giặt thay thế cái bị hư,2024-08-14 00:00:00,,1,ARISE,APPROVED,,,,,4,,,,2,,2024-08-14 11:09:31,6790000.00000,18,,14,,0,,1
27,DX00025,24,,12,12,,,Trang bị lắp đặt máy lạnh Sharp 2HP cho phòng trực Vận hành,2024-08-14 00:00:00,,0,ARISE,APPROVED,,,24,,5,,,,24,,2024-08-14 15:30:26,0.00000,18,,14,,0,,0
28,DX00026,2,,4,4,,,Mua mẫu nên điện tử,2024-08-14 00:00:00,,1,ARISE,APPROVED,,,,,5,,,,2,,2024-08-14 16:06:04,510000.00000,5,,14,,0,,0
29,DX00027,2,,4,4,,,Mua máy cắt,2024-08-14 00:00:00,,1,ARISE,APPROVED,,,,,4,,,,2,,2024-08-14 16:15:27,2268000.00000,18,,14,,0,,0
30,DX00028,9,,5,5,,,Đồ tiêu hao tháng 8,2024-08-21 00:00:00,,0,ARISE,APPROVED,,,2,,2,,,,9,,2024-08-21 14:50:43,0.00000,"4,4",,14,,0,,0
31,DX00029,2,,4,4,,,Mua sắt làm kệ nhà có tang và khung rạp,2024-08-22 00:00:00,,1,ARISE,APPROVED,,,,,5,,,,2,,2024-08-22 10:27:57,12800000.00000,"19,19,19,19,19",,15,,0,,0
32,DX00030,21,,10,10,,,Brochure Hộc Lưu Tro Cốt (catalogue),2024-08-23 00:00:00,,0,ARISE,APPROVED,,,,,5,,,,21,,2024-08-23 17:59:20,0.00000,19,,14,,0,,1
33,DX00031,20,,9,9,,,ĐỒNG PHỤC NHÂN VIÊN VẬN HÀNH MỚI,2024-08-26 00:00:00,Đồng phục nhân viên vận hành Trần Thị Yến Nhi,0,ARISE,APPROVED,,,18,,18,,,,20,,2024-08-26 11:46:32,0.00000,"19,19,19,19",,15,,0,,0
34,DX00032,20,,9,9,,,"MUA SẮT LÀM KHUNG RẠP, KHUNG CỔNG HOA, KỆ NHÀ CÓ TANG",2024-08-26 00:00:00,"MUA SẮT LÀM KHUNG RẠP, KHUNG CỔNG HOA, KỆ NHÀ CÓ TANG",0,ARISE,APPROVED,,,18,,18,,,,20,,2024-08-26 12:15:10,0.00000,"19,19,19,19,19",,15,,0,,0
35,DX00033,21,,10,10,,,Tờ rơi Kế hoạch trăm tuổi - Leaveleft,2024-08-28 00:00:00,Tờ rơi Kế hoạch trăm tuổi:<div>Kích thước: A5</div><div>In 2 mặt 4 màu</div><div>Chất liệu: C200</div>,0,ARISE,APPROVED,,,,,5,,,,21,,2024-08-28 15:26:34,0.00000,19,,15,,0,,1
36,DX00034,9,,5,5,,,Mua đồ bổ sung tháng 9,2024-09-04 00:00:00,,0,ARISE,APPROVED,,,2,,2,,,,9,,2024-09-04 17:32:52,0.00000,"5,5,5",,15,,0,,0
37,DX00035,20,,9,9,,,MUA VÁN MDF LÀM MẶT BÀN,2024-09-13 00:00:00,,0,ARISE,APPROVED,,,18,,18,,,,20,,2024-09-13 10:35:07,0.00000,"19,19",,15,,0,,0
38,DX00036,9,,5,5,,,mua đồ bổ sung tháng 9/2024 lần 2,2024-09-23 00:00:00,,0,ARISE,APPROVED,,,2,,2,,,,9,,2024-09-23 10:56:46,0.00000,"5,5,5,5",,15,,0,,0
39,DX00037,20,,9,9,,,MAY RÈM LINH ĐƯỜNG KEM VÀ TRẮNG,2024-09-23 00:00:00,,0,ARISE,APPROVED,,,18,,18,,,,20,,2024-09-23 17:36:16,0.00000,"5,5",,15,,0,,0
40,DX00038,20,,9,9,,,MUA BẠT XÁM+ BẠT TRONG,2024-09-24 00:00:00,,0,ARISE,APPROVED,,,18,,18,,,,20,,2024-09-24 15:22:07,0.00000,"5,5",,15,,0,,0
41,DX00039,21,,10,10,,,Brochure Kế hoạch trăm tuổi,2024-09-24 00:00:00,Chất liệu in giống như cuốn brochure hộc lưu tro cốt,0,ARISE,APPROVED,,,,,5,,,,21,,2024-09-24 17:33:14,0.00000,19,,15,,0,,1
42,DX00040,21,,10,10,,,Namecard Tháp Tứ Ân - Nhân sự mới,2024-09-25 00:00:00,MKT hỗ trợ đăng ký cho Tháp Tứ Ân gửi đề xuất làm thêm Namecard cho các bạn nhân viên mới.<div><div>Số lượng tổng: 20 hộp</div><div>Nhân viên mới: 4 người</div><div>Mỗi nhân viên: 5 hộp</div></div>,0,ARISE,APPROVED,,,,,5,,,,21,,2024-09-25 12:04:38,0.00000,19,,15,,0,,1
43,DX00041,21,,10,10,,,Tìm nhà cung cấp và thi công Dán decal xe Tải va xe Vans,2024-09-30 00:00:00,Nhờ anh Cường tìm nhà cung cấp và thi công dán Decal xe Tải và xe vans cho Blackstones ,0,ARISE,APPROVED,,,,,5,,,,21,,2024-09-30 11:31:41,0.00000,19,,15,,0,,2
44,DX00042,21,,10,10,,,In Giấy Chứng Nhận Sở Hữu Cổ Phần (Cổ Đông),2024-10-07 00:00:00,"<div><b>Mỗi file in 3 bộ</b></div>- In màu 2 mặt<div>- IN chỉ có 2 màu trắng đen
<br />- Ép nhũ vàng chữ GIẤY CHỨNG NHẬN SỞ HỮU CỔ PHẦN (File anh Vũ anh Khôi only)
<br />- Chất liệu giấy: Lanvi Curious Metallic Ice Gold 250 
<br />- In mỗi bộ 3 bản</div>",0,ARISE,APPROVED,,,,,5,,,,21,,2024-10-07 12:03:36,0.00000,19,,15,,0,,1
45,DX00043,2,,4,4,,,Mua bổ sung quạt hơi nước ngoài kề hoạch,2024-10-10 00:00:00,,1,ARISE,APPROVED,,,,,5,,,,2,,2024-10-10 10:41:21,12870000.00000,,,15,,0,,0
46,DX00044,21,,10,10,,,In brochure Tang lễ việt ( Tái bản lần 2),2024-10-15 00:00:00,Chất liệu giấy và khổ in như cuốn Kế hoạch 100 tuổi,0,ARISE,APPROVED,,,,,5,,,,21,,2024-10-15 11:57:13,0.00000,19,,15,,0,,1
47,DX00045,21,,10,10,,,thi công Dán decal xe Tải va xe Vans,2024-10-21 00:00:00,,0,ARISE,APPROVED,,,,,5,,,,21,,2024-10-21 14:34:51,0.00000,19,,15,,0,,0
48,DX00046,20,,9,9,,,ĐỀ XUẤT MUA VẬT TƯ BỔ SUNG CHO ĐÁM,2024-10-28 00:00:00,Mua bổ sung càng sớm càng tốt ạ,0,ARISE,APPROVED,,,18,,18,,,,20,,2024-10-28 11:35:49,0.00000,"5,5,5,5",,15,,0,,0
49,DX00047,21,,10,10,,,Namecard Blackstones,2024-10-29 00:00:00,In 20 họp namecard để cho vận hành các đám tang lễ của Blackstones,0,ARISE,APPROVED,,,,,5,,,,21,,2024-10-29 11:47:27,0.00000,19,,15,,0,,1
50,DX00048,20,,9,9,,,MUA BỔ SUNG BÀN ỦI CẦM TAY,2024-11-04 00:00:00,Bổ sung càng sớm càng tốt ạ,0,ARISE,APPROVED,,,18,,18,,,,20,,2024-11-04 11:44:45,0.00000,5,,15,,0,,0
51,DX00049,9,,5,5,,,vât tư  phát sinh tháng 11,2024-11-04 00:00:00,rèm bàn linh thấp 75 cm,0,ARISE,APPROVED,,,2,,2,,,,9,,2024-11-04 16:32:57,0.00000,"4,5,5",,15,,0,,0
52,DX00050,20,,9,"9,9",,,VẬT TƯ CẢI TIẾN 2024,2024-11-07 00:00:00,Vật tư cải tiến sản phẩm theo đề xuất PGĐ VH,0,PLAN,APPROVED,,,18,,18,,,1,20,,2024-11-07 16:38:07,0.00000,"5,5,5,5,5,5,5,5,5,5,5,5,5,5,5,5,5",,15,,0,,0
53,DX00051,9,,5,5,,,mua vật tư bổ sung tháng 11,2024-11-11 00:00:00,,0,ARISE,APPROVED,,,2,,2,,,,9,,2024-11-11 15:00:29,0.00000,"5,4,5,4,5,5,5",,15,,0,,0
54,DX00052,2,,4,4,,,Đề xuất mua bạt rạp mới thay thế,2024-11-11 00:00:00,,0,ARISE,APPROVED,,,,,4,,,,2,,2024-11-11 15:04:11,0.00000,"5,5,5,5,5,5,5,5,5,5",,15,,0,,0
55,DX00053,21,,10,10,,,Thi công dán decal xe 16 chỗ (trắng+đen),2024-11-13 00:00:00,,0,ARISE,APPROVED,,,,,5,,,,21,,2024-11-13 09:31:30,0.00000,19,,15,,0,,0
56,DX00054,21,,10,10,,,"Mua xe nâng tay hỗ trợ nâng và di chuyển hòm, hàng hóa nặng",2024-11-13 00:00:00,,0,ARISE,APPROVED,,,,,5,,,,21,,2024-11-13 09:32:24,0.00000,18,,15,,0,,0
57,DX00055,21,,10,10,,,Decal dán viềng quan tài Lexur (DVT Cái),2024-11-15 00:00:00,Kích thước:<div>Chiều cao: 6cm</div><div>Loại decal trong </div>,0,ARISE,APPROVED,,,,,5,,,,21,,2024-11-15 16:02:07,0.00000,19,,15,,0,,1
58,DX00056,21,,10,10,,,Decal dán viềng quan tài Lexur (DVT cuộn),2024-11-15 00:00:00,,0,ARISE,APPROVED,,,,,5,,,,21,,2024-11-15 16:53:59,0.00000,19,,15,,0,,1
59,DX00057,20,,9,9,,,BỔ SUNG VẬT TƯ ĐÁM,2024-11-20 00:00:00,Nơ ghế và quây bàn đen đã may xong,0,ARISE,APPROVED,,,"18,5",,5,,,,20,,2024-11-20 10:27:53,0.00000,"5,5,5",,26,,0,,0
62,DX00058,21,,10,10,,,Đèn chiếu Chữ - Chiếu Logo Outdoor,2024-11-27 00:00:00,"<div><br style=""font-style:normal;font-variant:normal;font-weight:normal;letter-spacing:normal;line-height:normal;text-indent:0px;text-transform:none;"" /></div>Chữ trên tấm phim: Vô Cùng Thương Tiếc<div>Liên hệ: Tuấn Trí :   <span style=""color:rgb(255,0,0);font-family:Arial;font-size:8pt;letter-spacing:inherit;"">092 666 2899 - 0967 396.615</span></div><div>File báo giá và thông tin chi tiết sản phẩm - File đính kèm</div><div>Địa chỉ: </div><div>HCM:   <span style=""color:rgb(0,0,0);font-family:Arial;font-size:8pt;letter-spacing:inherit;"">No.104 Tran Ba Giao Street,5 Ward, Go Vap Ward, Ho Chi Minh City</span><br /> 
<br style=""font-style:normal;font-variant:normal;font-weight:normal;letter-spacing:normal;line-height:normal;text-indent:0px;text-transform:none;"" /></div>",0,ARISE,APPROVED,,,5,,5,,,,21,,2024-11-27 09:41:21,0.00000,5,,26,,0,,1
65,DX00059,9,,5,5,,,mua thùng đựng rèm mới,2024-11-29 00:00:00,,0,ARISE,APPROVED,,,2,,2,,,,9,,2024-11-29 10:46:22,0.00000,5,,26,,0,,0
67,DX00060,20,,9,9,,,"MUA CÔNG CỤ, DỤNG CỤ SỬA ĐỒ KHO",2024-12-02 00:00:00,"Mua máy để cắt gỗ, cắt sắt, sửa chữa đồ kho,....<br />",0,ARISE,APPROVED,,,"18,5",,5,,,,20,,2024-12-02 17:12:46,0.00000,18,,26,,0,,0
70,DX00061,20,,9,9,,,ĐỒNG PHỤC NHÂN VIÊN VẬN HÀNH MỚI- HÙNG VÀ AN,2024-12-04 00:00:00,mỗi nhân viên: 2 áo sơ mi đen + 2 quần tây đen<br />giày búp bê: Thuận An<br />Hùng đã cấp giày tây,0,ARISE,APPROVED,,,"18,5",,5,,,,20,,2024-12-04 15:10:52,0.00000,"19,19,19",,26,,0,,0
73,DX00062,20,,9,"9,9",,,ĐỀ XUẤT VẬT TƯ CẢI TIẾN 2024-ĐỢT 2,2024-12-14 00:00:00,,0,PLAN,APPROVED,,,"18,5",,5,,,4,20,,2024-12-14 10:22:04,0.00000,"5,5,5,5,5,5,5,5,5,5,5,5,5,5,5,5,5,5,5,5,5,5,5,5,5,5,5,5,5,5,5",,26,,0,,0
76,DX00063,20,,9,9,,,MUA BỔ SUNG ĐỒ KHO- ĐÈN NĂNG LƯỢNG MẶT TRỜI,2024-12-14 00:00:00,,0,ARISE,APPROVED,,,"18,5",,5,,,,20,,2024-12-14 11:21:49,0.00000,5,,26,,0,,0
79,DX00064,21,,10,10,,,Namecard Blackstones - Thanh Biển - PTTT,2024-12-23 00:00:00,In namecard Blackstones <div>Nhân sự: Thanh Biển - PTTT</div><div>Số lượng: 5 hộp</div>,0,ARISE,APPROVED,,,5,,5,,,,21,,2024-12-23 17:23:51,0.00000,19,,26,,0,,1
82,DX00065,20,,9,9,,,LY SÁI TỊNH,2024-12-25 00:00:00,,0,ARISE,APPROVED,,,"18,5",,5,,,,20,,2024-12-25 14:41:39,0.00000,5,,26,,0,,0
85,DX00066,20,,9,9,,,CB KHỐI PANASONIC,2024-12-27 00:00:00,"Dùng mang đi đám, bảo vệ quá tải, ngắn mạch, chống giật",0,ARISE,APPROVED,,,"18,5",,5,,,,20,,2024-12-27 10:48:00,0.00000,5,,26,,0,,0
86,DX00067,21,,10,10,,,Tờ rơi (Leaflet) Wecare - Blackstones - Genki,2024-12-30 00:00:00,Tờ rơi (Leaflet) Wecare - Blackstones - Genki:<div><br /><div>- Kích thước: A4</div><div>- Số lượng: 1000 tờ</div><div>- Loại giấy: F150</div></div>,0,ARISE,APPROVED,,,5,,5,,,,21,,2024-12-30 10:55:06,0.00000,19,,26,,0,,1
89,DX00068,21,,10,10,,,Mua điện thoại - Phục vụ Tiktok - bộ phận MKT,2024-12-30 00:00:00,,0,ARISE,APPROVED,,,5,,5,,,,21,,2024-12-30 15:04:38,0.00000,18,,26,,0,,0
90,DX00069,20,,9,9,,,BỔ SUNG DỤNG CỤ LÀM ĐÁM,2025-01-07 00:00:00,,0,ARISE,APPROVED,,,"18,5",,5,,,,20,,2025-01-07 15:38:37,0.00000,5,,26,,0,,0
92,DX00070,20,,9,9,,,MUA KHĂN BÀN BỔ SUNG ĐỒ ĐÁM,2025-01-10 00:00:00,Mua khăn bàn cho đám thiết kế Bình Dương 250106,0,ARISE,APPROVED,,,"18,5",,5,,,,20,,2025-01-10 15:59:00,0.00000,5,,26,,0,,0
93,DX00071,21,,10,10,,,Bộ lưu trữ dữ liệu NAS toàn công ty cho Blackstones,2025-01-13 00:00:00,Link sản phẩm:<div>1. Ổ cứng HDD WD Red Plus</div><div>https://memoryzone.com.vn/hdd-wd-red-plus-10tb-3-5-inch-sata-iii-256mb-cache-7200rpm-wd101efbx<br /></div><div>2. Thiết bị lưu trữ mạng NAS Synology</div><div>https://memoryzone.com.vn/thiet-bi-luu-tru-mang-nas-synology-ds223j<br /></div>,0,ARISE,APPROVED,,,5,,5,,,,21,,2025-01-13 10:31:50,0.00000,"19,19",,26,,0,,0
94,DX00072,20,,9,9,,,BỔ SUNG DỤNG CỤ LÀM ĐÁM,2025-01-15 00:00:00,Đã mua gấp dùng cho đám thiết kế 250106,0,ARISE,APPROVED,,,"18,5",,5,,,,20,,2025-01-15 14:44:32,0.00000,5,,26,,0,,0
96,DX00073,20,,9,9,,,BỔ SUNG ĐỒ LÀM ĐÁM-RÈM BÀN PHẬT,2025-02-03 00:00:00,,0,ARISE,APPROVED,,,"18,5",,5,,,,20,,2025-02-03 11:01:14,0.00000,5,,26,,0,,0
99,DX00074,20,,9,9,,,MAY ĐỒNG PHỤC VẬN HÀNH-ĐỢT 1 NĂM 2025,2025-02-10 00:00:00,"<div><b>May đồng phục vận hành-đợt 1 năm 2025</b></div><div>-Tổng 20 người đã gồm quản lý và nhân viên (trừ Hùng và An vừa cấp đồng phục T1/2025)</div><div>-Áo thun đen BLS đề xuất may 100 cái dùng cho cả đợt 1 và đợt 2 cấp đồng phục vận hành + dự trù cho tiktok và MKT</div><div>Kích thước áo thun: 6 size M, 19 size L, 25 size XL, 30 size XXL, 20 size XXXL</div>",0,ARISE,APPROVED,,,"18,5",,5,,,,20,,2025-02-10 13:49:11,0.00000,"19,19,19,19",,26,,0,,0
102,DX00075,20,,9,9,,,MUA BỔ SUNG MICRO -LOẠI CÓ DÂY,2025-02-10 00:00:00,,0,ARISE,APPROVED,,,"18,5",,5,,,,20,,2025-02-10 18:07:42,0.00000,5,,26,,0,,0
105,DX00076,21,,10,10,,,Brochure Blackstones 2025 - Cập nhật và tái bản lần 2,2025-02-11 00:00:00,,0,ARISE,APPROVED,,,5,,5,,,,21,,2025-02-11 14:19:56,0.00000,19,,26,,0,,1
108,DX00077,24,,12,12,,,Đề xuất mua Laptop thay thế cho vị trí Thiết kế Vận hành,2025-02-13 00:00:00,"<font face=""Times New Roman, serif""><span style=""font-size:16px;""><b>https://cohotech.vn/shop/8228</b></span></font>",0,ARISE,APPROVED,,,"24,5",,5,,,,24,,2025-02-13 16:08:34,0.00000,18,,26,,0,,0
111,DX00078,20,,9,9,,,MUA VẬT TƯ BỔ SUNG LÀM ĐÁM,2025-02-18 00:00:00,"20 đèn led: gồm 10 đèn vàng, 10 đèn trắng<br />Có càng sớm càng tốt ạ",0,ARISE,APPROVED,,,"18,5",,5,,,,20,,2025-02-18 13:49:54,0.00000,"5,5,5,5",,26,,0,,0
114,DX00079,20,,9,9,,,MUA BỔ SUNG VẬT TƯ LÀM ĐÁM,2025-02-18 00:00:00,Càng sớm càng tốt ạ,0,ARISE,APPROVED,,,"18,5",,5,,,,20,,2025-02-18 16:51:01,0.00000,5,,26,,0,,0
117,DX00080,24,,12,12,,,"Đề xuất mua màn hình cho phòng MKT, Admin Vận Hành, Thu mua, TCKT",2025-02-20 00:00:00,<br />,1,ARISE,APPROVED,,,"24,5",,5,,,,24,,2025-02-20 11:27:41,6270000.00000,18,,26,,0,,0
120,DX00081,20,,9,9,,,BỔ SUNG VẬT TƯ,2025-02-27 00:00:00,"Đệm ghế đã cũ, còn 50 cái mới dùng được, mua thêm 120 cái mới bổ sung",0,ARISE,APPROVED,,,"18,5",,5,,,,20,,2025-02-27 12:02:13,0.00000,5,,26,,0,,0
123,DX00082,20,,9,9,,,BỔ SUNG VẬT TƯ ĐÁM,2025-03-05 00:00:00,,0,ARISE,APPROVED,,,"18,5",,5,,,,20,,2025-03-05 15:25:06,0.00000,5,,26,,0,,0
124,DX00083,21,,10,10,,,Voucher Đặc Quyền Hệ Sinh Thái Blackstones 2025 - Lần 1,2025-03-10 00:00:00,,0,ARISE,APPROVED,,,5,,5,,,,21,,2025-03-10 09:58:17,0.00000,19,,26,,0,,1
127,DX00084,20,,9,9,,,ĐỀ XUẤT VẬT TƯ CẢI TIẾN,2025-03-10 00:00:00,VẬT TƯ CẢI TIẾN-đề xuất của anh Thức<br />Thu mua mua gỗ về anh Thức tự đóng theo mẫu mới,0,ARISE,APPROVED,,,"18,5",,5,,,,20,,2025-03-10 18:05:26,0.00000,"5,5,5",,26,,0,,0
130,DX00085,20,,9,9,,,BỔ SUNG VẬT TƯ ĐÁM (NẾN ĐIỆN),2025-03-12 00:00:00,Bổ sung đồ làm đám,0,ARISE,APPROVED,,,"18,5",,5,,,,20,,2025-03-12 13:57:11,0.00000,5,,26,,0,,0
131,DX00086,20,,9,9,,,MUA RÈM BỔ SUNG ĐỒ LÀM ĐÁM,2025-03-17 00:00:00,Bổ sung rèm để có thể vận hành 8 đám cùng 1 lúc,0,ARISE,APPROVED,,,"18,5",,5,,,,20,,2025-03-17 16:45:12,0.00000,"5,5,5,5",,26,,0,,0
134,DX00087,24,,12,12,,,Đề xuất mua giường tầng cho phòng White Lady,2025-03-21 00:00:00,,1,ARISE,APPROVED,,,"24,5",,5,,,,24,,2025-03-21 16:54:42,3000000.00000,19,,26,,0,,0
137,DX00088,20,,9,9,,,"MUA RÈM KEM MỚI, TÚI ĐỰNG ĐỒ VS-BỔ SUNG ĐỒ LÀM ĐÁM",2025-03-28 00:00:00,,0,ARISE,APPROVED,,,"18,5",,5,,,,20,,2025-03-28 10:22:08,0.00000,"5,5,5",,26,,0,,0
138,DX00089,20,,9,9,,,MUA LOA-BỔ SUNG ĐỒ LÀM ĐÁM,2025-04-10 00:00:00,Bổ sung càng sớm càng tốt ạ,0,ARISE,APPROVED,,,"18,5",,5,,,,20,,2025-04-10 10:47:00,0.00000,5,,26,,0,,0
141,DX00090,38,,4,4,,,KHAY GỖ CHỮ NHẬT - ĐỰNG ĐỒ TANG,2025-04-16 00:00:00,Thay cho mẫu khay gỗ tròn,0,ARISE,APPROVED,,,2,,2,,,,38,,2025-04-16 14:26:52,0.00000,5,,26,,0,,0
144,DX00091,20,,9,9,,,MUA TẤM MICA LÓT BÁT NHANG,2025-04-16 00:00:00,Tấm mica lót bát nhang sẽ được chuyển thành hàng tiêu hao dùng cho tất cả các đám BLS (đối với đám TLV thì ko để lại cho khách).,0,ARISE,APPROVED,,,"18,5",,5,,,,20,,2025-04-16 16:34:54,0.00000,4,,26,,0,,0
145,DX00092,38,,4,4,,,Đề xuất mua sọt rác kim loại bổ sung 5 đám mới,2025-04-17 00:00:00,,0,ARISE,NO_APPROVED,,,2,,2,,,,38,,2025-04-17 14:00:20,0.00000,5,,26,,0,,0
148,DX00093,20,,9,9,,,MAY LA PHÔNG CHO KHUNG RẠP KHÔNG GIAN MỚI- MAY DEMO 1 RẠP,2025-04-21 00:00:00,May càng sớm càng tốt ạ,0,ARISE,APPROVED,,,"18,5",,5,,,,20,,2025-04-21 11:47:28,0.00000,"5,5,5",,26,,0,,0
151,DX00094,20,,9,9,,,MUA DĨA SỨ + THÁNH GIÁ- BỔ SUNG ĐỒ LÀM ĐÁM,2025-04-21 00:00:00,,0,ARISE,APPROVED,,,"18,5",,5,,,,20,,2025-04-21 11:49:25,0.00000,"5,5",,26,,0,,0
154,DX00095,21,,10,10,,,Mua Flycam DJI Mini 3,2025-04-22 00:00:00,- Link sản phẩm tham khảo: https://dji-vietnam.vn/san-pham/dji-mini-3/<div>- File báo giá đính kèm</div>,0,ARISE,APPROVED,,,5,,5,,,,21,,2025-04-22 16:43:59,0.00000,18,,26,,0,,1
157,DX00096,20,,9,9,,,MUA BÀN INOX VÀ BÀN GẤP CẮM HOA-BỔ SUNG ĐỒ LÀM ĐÁM,2025-04-22 00:00:00,Bổ sung 6 bàn inox chữ nhật ( kho còn 4 cái)=&gt; tổng 10 cái  + 10 khăn bàn =&gt; dùng cho đám nhà nhỏ không có không gian bày bàn tròn<div>4 bàn gấp nhựa để cắm hoa<br /><div><br /></div></div>,0,ARISE,APPROVED,,,"18,5",,5,,,,20,,2025-04-22 18:18:56,0.00000,"5,5,5",,26,,0,,0
160,DX00097,38,,4,4,,,MUA BỔ SUNG KHÒ TAY MINI (THAY CHO HÀNG ĐÃ HƯ),2025-04-24 00:00:00,<br />,0,ARISE,APPROVED,,,2,,2,,,,38,,2025-04-24 10:56:09,0.00000,5,,26,,0,,0
162,DX00098,20,,9,9,,,MAY BẠT CHO RẠP KHÔNG GIAN MỚI-DEMO 1 BỘ,2025-04-29 00:00:00,Càng sớm càng tốt ạ,0,ARISE,APPROVED,,,"18,5",,5,,,,20,,2025-04-29 18:31:21,0.00000,"5,5,5,5",,26,,0,,0
163,DX00099,38,,4,4,,,Đề Xuất Mua USB,2025-05-06 00:00:00,,0,ARISE,APPROVED,,,2,,2,,,,38,,2025-05-06 10:00:03,0.00000,5,,26,,0,,0
166,DX00100,38,,4,4,,,Đề Xuất mua bổ sung - Đôn để dĩa trái cây,2025-05-06 00:00:00,,0,ARISE,APPROVED,,,2,,2,,,,38,,2025-05-06 14:22:29,0.00000,5,,26,,0,,0
168,DX00101,38,,4,4,,,Mua tấm Mica để bàn (Mua bổ sung cho đồ hư + cho 5 đám mới),2025-05-09 00:00:00,Mua bổ sung thay cũ 20 cái + mua cho 5 đám mới 30 cái,0,ARISE,APPROVED,,,2,,2,,,,38,,2025-05-09 13:44:59,0.00000,5,,26,,0,,0
171,DX00102,38,,4,4,,,MUA THÊM GIƯỜNG Y TẾ,2025-05-12 00:00:00,,0,ARISE,APPROVED,,,2,,2,,,,38,,2025-05-12 09:36:40,0.00000,5,,26,,0,,0
174,DX00103,38,,4,4,,,Đề xuất mua - Trụ la mã composite 80cm,2025-05-12 00:00:00,,0,ARISE,APPROVED,,,2,,2,,,,38,,2025-05-12 09:43:10,0.00000,5,,26,,0,,0
177,DX00104,38,,4,4,,,Đề xuất mua -  Cây thánh giá gỗ cao 1m,2025-05-12 00:00:00,,0,ARISE,APPROVED,,,2,,2,,,,38,,2025-05-12 09:43:54,0.00000,5,,26,,0,,0
180,DX00105,21,,10,10,,,In namecard Giám Đốc Thu Mua,2025-05-12 00:00:00,,0,ARISE,APPROVED,,,5,,5,,,,21,,2025-05-12 16:46:23,0.00000,19,,26,,0,,1
183,DX00106,38,,4,4,,,Máy xịt rửa DEKTON DK-CWR3001 Pro Max,2025-05-13 00:00:00,,0,ARISE,APPROVED,,,2,,2,,,,38,,2025-05-13 10:56:11,0.00000,18,,26,,0,,0
186,DX00107,38,,4,4,,,Bộ ấm chén đồng + cặp lư đồng  -  Mua hàng cho 5 đám bổ sung,2025-05-14 00:00:00,,0,ARISE,APPROVED,,,2,,2,,,,38,,2025-05-14 12:11:54,0.00000,5,,26,,0,,0
189,DX00108,38,,4,4,,,Mua Khay gỗ đựng bánh kẹo (Mua bổ sung cho đồ hư + cho 5 đám mới),2025-05-14 00:00:00,"<span style=""float:none;background-color:rgb(255,255,255);text-transform:none;text-indent:0px;letter-spacing:0.2px;font-weight:400;font-style:normal;font-size:15px;font-family:SegoeuiPc, 'Segoe UI', 'San Francisco', 'Helvetica Neue', Helvetica, 'Lucida Grande', Roboto, Ubuntu, Tahoma, 'Microsoft Sans Serif', Arial, sans-serif;color:rgb(8,27,58);"">Mua bổ sung thay cũ 20 cái + mua cho 5 đám mới 30 cái</span><br />",0,ARISE,APPROVED,,,2,,2,,,,38,,2025-05-14 15:49:30,0.00000,5,,26,,0,,0
192,DX00109,38,,4,4,,,Đề xuất mua Máy rửa xe cao áp Dekton DK-CWR 3001 Pro Max,2025-05-16 00:00:00,,0,ARISE,APPROVED,,,2,,2,,,,38,,2025-05-16 10:54:31,0.00000,18,,26,,0,,0
195,DX00110,38,,4,4,,,"Mua đồ trang trí Linh đường (đôn, kệ, ...) - Anh Thức",2025-05-16 00:00:00,,0,ARISE,APPROVED,,,2,,2,,,,38,,2025-05-16 10:58:45,0.00000,"5,5",,26,,0,,0
198,DX00111,38,,4,4,,,Đề xuất thêm nơ ghế và khăn bàn trắng bàn linh,2025-05-19 00:00:00,,0,ARISE,APPROVED,,,2,,2,,,,38,,2025-05-19 15:06:53,0.00000,"5,5,5,5,5",,26,,0,,0
201,DX00112,38,,4,4,,,Đề xuất mua tấm bạt tam giác rạp,2025-05-19 00:00:00,,0,ARISE,APPROVED,,,2,,2,,,,38,,2025-05-19 16:45:06,0.00000,5,,26,,0,,0
202,DX00113,9,,5,5,,,Mua thùng chứa sắp xếp lại kho,2025-05-28 00:00:00,,0,ARISE,APPROVED,,,2,,2,,,,9,,2025-05-28 10:36:56,0.00000,"5,5",,26,,0,,0
203,DX00114,21,,10,10,,,Cuốn Brochure Áo Quan Blackstones,2025-05-28 00:00:00,,0,ARISE,APPROVED,,,5,,5,,,,21,,2025-05-28 16:36:00,0.00000,19,,26,,0,,0
204,DX00115,20,,9,9,,,ĐỒNG PHỤC VẬN HÀNH- BỔ SUNG GIÀY TÂY,2025-05-29 00:00:00,"<span style=""float:none;background-color:rgb(229,241,255);text-transform:none;text-indent:0px;letter-spacing:0.2px;font-weight:400;font-style:normal;font-size:15px;font-family:SegoeuiPc, 'Segoe UI', 'San Francisco', 'Helvetica Neue', Helvetica, 'Lucida Grande', Roboto, Ubuntu, Tahoma, 'Microsoft Sans Serif', Arial, sans-serif;color:rgb(8,27,58);"">Phan Tấn Tài-nam size 47 (ngoại cỡ đặt riêng)<br />Và 3 nhân viên mới:<br /></span><div><span style=""float:none;background-color:rgb(229,241,255);text-transform:none;text-indent:0px;letter-spacing:0.2px;font-weight:400;font-style:normal;font-size:15px;font-family:SegoeuiPc, 'Segoe UI', 'San Francisco', 'Helvetica Neue', Helvetica, 'Lucida Grande', Roboto, Ubuntu, Tahoma, 'Microsoft Sans Serif', Arial, sans-serif;color:rgb(8,27,58);"">-Đặng Thanh Thảo-nữ size 39</span><div><span style=""float:none;background-color:rgb(229,241,255);text-transform:none;text-indent:0px;letter-spacing:0.2px;font-weight:400;font-style:normal;font-size:15px;font-family:SegoeuiPc, 'Segoe UI', 'San Francisco', 'Helvetica Neue', Helvetica, 'Lucida Grande', Roboto, Ubuntu, Tahoma, 'Microsoft Sans Serif', Arial, sans-serif;color:rgb(8,27,58);"">-Phạm Tuấn Vũ-nam size 41</span></div><div><span style=""float:none;background-color:rgb(229,241,255);text-transform:none;text-indent:0px;letter-spacing:0.2px;font-weight:400;font-style:normal;font-size:15px;font-family:SegoeuiPc, 'Segoe UI', 'San Francisco', 'Helvetica Neue', Helvetica, 'Lucida Grande', Roboto, Ubuntu, Tahoma, 'Microsoft Sans Serif', Arial, sans-serif;color:rgb(8,27,58);"">-Hà Văn Thành-nam size 41</span></div></div>",0,ARISE,APPROVED,,,"18,5",,5,,,,20,,2025-05-29 18:01:22,0.00000,"19,19",,26,,0,,0
205,DX00116,21,,10,10,,,Dán Decal xe ford transit 2014,2025-06-04 00:00:00,Dán Decal xe ford transit 2014<div><br /></div>,0,ARISE,APPROVED,,,5,,5,,,,21,,2025-06-04 14:00:37,0.00000,19,,26,,0,,0
208,DX00117,20,,9,9,,,MUA BỔ SUNG ĐỒ LÀM ĐÁM-THANG,2025-06-06 00:00:00,"Nhờ Phòng mua hàng, mua càng sớm càng tốt giúp em ạ",0,ARISE,APPROVED,,,"18,5",,5,,,,20,,2025-06-06 15:04:29,0.00000,5,,26,,0,,0
211,DX00118,20,,9,9,,,MUA BỔ SUNG ĐỒ LÀM ĐÁM-KỆ SẮT ĐẶT CÁO PHÓ,2025-06-12 00:00:00,Nhờ Phòng Mua hàng mua càng sớm càng tốt ạ,0,ARISE,APPROVED,,,"18,5",,5,,,,20,,2025-06-12 15:38:52,0.00000,5,,26,,0,,0
214,DX00119,20,,9,9,,,MUA BỔ SUNG CÔNG CỤ DỤNG CỤ LÀM ĐÁM,2025-06-24 00:00:00,"Mua bổ sung bộ dụng cụ đi làm đám, bộ đang dùng nhiều cái bị hư, cũ, gãy<div>Lưu ý kéo mua loại tốt, không mua loại kéo nhỏ văn phòng</div>",0,ARISE,APPROVED,,,"18,5",,5,,,,20,,2025-06-24 11:41:53,0.00000,"5,5,5,5,5",,26,,0,,1
217,DX00120,9,,5,5,,,"Mua đồ khấu hao thay thế đồ hư hỏng và tăng cường cho nhiều đám ở tháng 6,7/2025",2025-06-26 00:00:00,"<div><a href=""https://blackstones.1office.vn/warehouse-inventory-commodity/view?ID=1068"" style=""text-decoration:none;background-color:transparent;""><br />3LD0020</a><a href=""https://blackstones.1office.vn/warehouse-inventory-commodity/view?ID=1068"" style=""text-decoration:none;background-color:transparent;"">Đĩa trái cây sứ vàng/ trắng</a> cần loại đường kính 24 cm trở lên để phục vụ đám lớn, yêu cầu nhiều trái cây hơn<br />3DC0004 đèn led trắng 100 W</div><br />",0,ARISE,APPROVED,,,2,,2,,,,9,,2025-06-26 16:48:49,0.00000,"5,5,5,5,5,5,5,5,5,5,5,5,5,5",,26,,0,,0
220,DX00121,21,,10,10,,,Cuốn Brochure Kế Hoạch 100 tuổi (Không Hotline) - Ver 2,2025-07-04 00:00:00,,0,ARISE,APPROVED,,,5,,5,,,,21,,2025-07-04 15:34:09,0.00000,19,,26,,,,0
223,DX00122,21,,10,10,,,Cuốn Brochure Kế hoạch 100 tuổi (có Holtine) - Ver 2,2025-07-04 00:00:00,,0,ARISE,APPROVED,,,5,,5,,,,21,,2025-07-04 15:36:31,0.00000,19,,26,,,,0
226,DX00123,9,,5,5,,,"mua màng co PE, bảng mica lớn, túi rác",2025-07-15 00:00:00,,0,ARISE,APPROVED,,,2,,2,,,,9,,2025-07-15 14:41:41,0.00000,"4,4,5",,26,,,,0
229,DX00124,20,,9,9,,,MUA BỔ SUNG CÔNG CỤ LÀM ĐÁM,2025-07-15 00:00:00,"Nhờ phòng mua hàng, mua càng sớm càng tốt, ưu tiên mua lược sớm giúp em ạ.",0,ARISE,APPROVED,,,"18,5",,5,,,,20,,2025-07-15 17:18:39,0.00000,"4,5",,26,,,,0
232,DX00125,9,,5,5,,,đè xuát mua kẽm và nến bơ cho tháng 8,2025-07-22 00:00:00,<br />,0,ARISE,APPROVED,,,2,,2,,,,9,,2025-07-22 16:42:56,0.00000,"4,4",,26,,,,0
235,DX00126,21,,10,10,,,"Mua laptop Lenovo Thinkpad 14s/i5-8265U, 8GB",2025-08-17 00:00:00,,0,ARISE,APPROVED,,,5,,5,,,,21,,2025-08-17 19:36:34,0.00000,,,26,,,,0
238,DX00127,20,,9,9,,,MUA BỔ SUNG CÔNG CỤ LÀM ĐÁM,2025-08-18 00:00:00,Nhờ phòng mua hàng mua càng sớm càng tốt. <br />Em cảm ơn ạ,0,ARISE,APPROVED,,,"18,5",,5,,,,20,,2025-08-18 15:17:29,0.00000,"5,5",,26,,,,0
241,DX00128,9,,5,5,,,Mua bù 5 la phông rạp lớn & 1 cặp đèn minh châu,2025-08-25 00:00:00,mua đền bù đồ bị mất trên đám từ vận hành bồi thường,0,ARISE,APPROVED,,,2,,5,,,,9,,2025-08-25 10:18:15,0.00000,"5,5",,26,,,,0
244,DX00129,9,,5,5,,,mua khăn quây bổ sung hàng hư hỏng,2025-08-25 00:00:00,,0,ARISE,APPROVED,,,2,,5,,,,9,,2025-08-25 10:34:51,0.00000,"5,5,5,5,5,5,5",,26,,,,0
247,DX00130,21,,10,10,,,In Namecard hỗ trợ Sale - PTTT - Vận Hành,2025-08-29 00:00:00,Làm lại bộ namecard mới để hỗ trợ cho Sale - PTTT - Vận Hành<div><br /></div>,0,ARISE,APPROVED,,,5,,5,,,,21,,2025-08-29 15:53:28,0.00000,19,,26,,,,1
249,DX00131,20,,9,9,,,MAY ĐỒNG PHỤC VẬN HÀNH - ĐỢT 2 NĂM 2025,2025-09-12 00:00:00,May đồng phục Vận Hành đợt 2 năm 2025 <br />- Tổng 33 người đã bao gồm quản lí và nhân viên<br />Nhi Admin Vận Hành đề xuất,0,ARISE,APPROVED,,,"18,5",,5,,,,20,,2025-09-12 10:51:33,0.00000,"19,19,19,19,19",,26,,,,0
252,DX00132,21,,10,10,,,Brochure Blackstones 2025 - Cập nhật và tái bản lần 3 (76 trang),2025-09-12 00:00:00,,0,ARISE,APPROVED,,,5,,5,,,,21,,2025-09-12 14:14:54,0.00000,19,,26,,,,0
255,DX00133,20,,9,9,,,MUA BỔ SUNG CÔNG CỤ DỤNG CỤ LÀM ĐÁM,2025-09-14 00:00:00,"10 Tấm bảng mica lớn để kệ chữ A <br />Nội dung : GIA ĐÌNH XIN MIỄN PHÚNG ĐIẾU, MIỄN VÒNG HOA, NHANG ĐÈN VÀ LỄ VẬT. CHÂN THÀNH CẢM ƠN!<br />CN1 : 5 BẢNG <br />CN2: 5 BẢNG <br />Nhi Admin Vận Hành đề xuất <br /><br />",0,ARISE,APPROVED,,,"18,5",,5,,,,20,,2025-09-14 23:05:38,0.00000,5,,26,,,,0
258,DX00134,25,,6,6,,,ÁO THUN ĐEN VẬN HÀNH,2025-09-17 00:00:00,,0,ARISE,APPROVED,,,"12,5",,5,,,,25,,2025-09-17 14:30:29,0.00000,19,,26,,,,0
259,DX00135,20,,9,9,,,MUA BỔ SUNG CÔNG CỤ DỤNG CỤ LÀM ĐÁM - ĐỒ TRANG ĐIỂM,2025-09-23 00:00:00,"ĐỀ XUẤT MUA ĐỒ TRANG ĐIỂM cho Chi nhánh 1 và 2<div>Số lượng như sau :<br />- Phấn nước/ Cushion | CN1 5 - CN2 10 =15<br />- Phấn phủ | CN1 5 - CN2 10 =15<br />- Son môi màu nude, hồng đất, đỏ đất | CN1 5  - CN2 10 =15<br />- Chì kẻ chân mày | CN1 5 - CN2 10 =15<br />- Bộ cọ trang điểm (có cây cọ to đánh nền) | CN1 5 - CN2 15 =20<br />- Phấn má hồng, màu cam đào (loại 4 ô màu) | CN1 5 - CN2 10 =15<br />- Bông mút đánh nền (Hình giọt nước) | CN1 5 - CN2 15 =20<br />- Kem che khuyết điểm | CN1 5 - CN2 10 =15<br />- Cọ tán son môi | CN1 5 - CN2 15 =20<br /><br />- Trâm Admin Vận Hành</div>",0,ARISE,APPROVED,,,"18,5",,5,,,,20,,2025-09-24 17:25:10,0.00000,"5,5,5,5,5,5,5,5,5",,26,,,,0
261,DX00136,20,,9,9,,,MUA BỔ SUNG CÔNG CỤ DỤNG CỤ - SƠN XỊT,2025-09-25 00:00:00,Vận hành đã thanh toán 20 chai Sơn xịt A300 <br />35.000/chai x 20 = 700.000 <br />Nhi Admin đề xuất ,0,ARISE,APPROVED,,,"18,5",,5,,,,20,,2025-09-25 16:59:46,0.00000,20,,26,,,,0
264,DX00137,21,,10,10,,,"Mua laptop Lenovo Thinkpad 14s/i5-8265U, 8GB - Lần 2",2025-10-01 00:00:00,,0,ARISE,APPROVED,,,5,,5,,,,21,,2025-10-01 15:27:25,0.00000,,,26,,,,0
267,DX00138,20,,9,9,,,Mua 3 tấm Tranh Trúc Chỉ hoa sen không đèn,2025-10-02 00:00:00,"<font face=""Arial""><span style=""font-size:13.3333px;"">Anh Mạnh Cường đề xuất mua, Trâm admin làm đề xuất</span></font>",0,ARISE,APPROVED,,,"18,5",,5,,,,20,,2025-10-02 17:33:57,0.00000,5,,26,,,,0
270,DX00139,25,,6,6,,,PTTT CN2 MỞ ĐIỂM - GHẾ ĐÁ,2025-10-06 00:00:00,,0,ARISE,APPROVED,,,"12,5",,5,,,,25,,2025-10-06 16:40:58,0.00000,19,,26,,,,0
273,DX00140,25,,6,6,,,THIẾT BỊ Y TẾ,2025-10-07 00:00:00,,0,ARISE,APPROVED,,,"12,5",,5,,,,25,,2025-10-07 10:05:52,0.00000,"18,18",,26,,,,0
276,DX00141,21,,10,10,,,Sổ tay y tế - Kimcare,2025-10-07 00:00:00,,0,ARISE,APPROVED,,,5,,5,,,,21,,2025-10-07 10:51:02,0.00000,19,,26,,,,0
279,DX00142,21,,10,10,,,Tờ leaflet Chương trình Oxy 0 đồng,2025-10-07 00:00:00,,0,ARISE,APPROVED,,,5,,5,,,,21,,2025-10-07 10:51:51,0.00000,19,,26,,,,0
282,DX00143,21,,10,10,,,Tờ bìa Oxy và hướng dẫn sử dụng Oxy: Y tế Kimcare,2025-10-07 00:00:00,,0,ARISE,APPROVED,,,5,,5,,,,21,,2025-10-07 11:34:57,0.00000,19,,26,,,,0
285,DX00144,21,,10,10,,,Bìa kẹp hồ sơ chính sách PTTT (HST - Kimcare - Oxy - KH100 tuổi),2025-10-07 00:00:00,,0,ARISE,APPROVED,,,5,,5,,,,21,,2025-10-07 11:43:58,0.00000,19,,26,,,,0
288,DX00145,21,,10,10,,,Brochure Blackstones 2025 - Cập nhật và tái bản lần 3 (76 trang) - Bảng in mẫu 1,2025-10-07 00:00:00,,0,ARISE,APPROVED,,,5,,5,,,,21,,2025-10-07 11:48:27,0.00000,19,,26,,,,0
291,DX00146,21,,10,10,,,Brochure Blackstones 2025 - Cập nhật và tái bản lần 3 (76 trang) - Bảng in mẫu 2,2025-10-07 00:00:00,,0,ARISE,APPROVED,,,5,,5,,,,21,,2025-10-07 11:48:50,0.00000,19,,26,,,,0
292,DX00147,20,,9,9,,,MUA BỔ SUNG CÔNG CỤ DỤNG CỤ LÀM ĐÁM - BẠT CARO,2025-10-14 00:00:00,- Nhi Admin Vận Hành đề xuất ,0,ARISE,APPROVED,,,"18,5",,5,,,,20,,2025-10-14 14:04:46,0.00000,5,,26,,,,0
293,DX00148,21,,10,10,,,In mẫu Sổ Tang Blackstones,2025-10-23 00:00:00,"Yêu cầu cuốn mẫu sổ tang Blackstones<div>1. Trang Bìa bế gộp 3 lớp, đóng gáy</div><div>2. Trang bìa cán vân</div><div><br /></div>",0,ARISE,APPROVED,,,5,,5,,,,21,,2025-10-23 11:47:01,0.00000,19,,26,,,,1
296,DX00149,21,,10,10,,,In mẫu Sổ Tang Blackstones - Lần 2,2025-10-28 00:00:00,"<span style=""float:none;background-color:rgb(255,255,255);text-transform:none;text-indent:0px;letter-spacing:normal;font-weight:400;font-style:normal;font-size:14px;font-family:InterTight, Roboto, Arial, sans-serif;color:rgb(29,35,46);"">Yêu cầu cuốn mẫu sổ tang Blackstones</span><div style=""background-color:rgb(255,255,255);text-transform:none;text-indent:0px;letter-spacing:normal;font-weight:400;font-style:normal;font-size:14px;font-family:InterTight, Roboto, Arial, sans-serif;color:rgb(29,35,46);"">1. Trang Bìa bế gộp 3 lớp, đóng gáy</div><div style=""background-color:rgb(255,255,255);text-transform:none;text-indent:0px;letter-spacing:normal;font-weight:400;font-style:normal;font-size:14px;font-family:InterTight, Roboto, Arial, sans-serif;color:rgb(29,35,46);"">2. Trang bìa cán vân</div>",0,ARISE,APPROVED,,,5,,5,,,,21,,2025-10-28 11:01:48,0.00000,19,,26,,,,0
299,DX00150,25,,6,6,,,QUÀ TẶNG TỔ CHỨC EVENT PHÒNG PTTT 1 & 2 QUÝ 4,2025-10-27 00:00:00,,0,ARISE,APPROVED,,,"12,5",,5,,,,25,,2025-10-28 12:38:13,0.00000,"19,19",,26,,,,0
302,DX00151,21,,10,10,,,Mua máy nước nóng trực tiếp ariston aures premium+ 4.5,2025-10-31 00:00:00,,0,ARISE,APPROVED,,,5,,5,,,,21,,2025-10-31 17:25:32,0.00000,18,,26,,,,0
304,DX00152,21,,10,10,,,In Namecard Nhân sự Kế Hoạch Trăm Tuổi - Tiến Trung,2025-11-10 00:00:00,,0,ARISE,APPROVED,,,5,,5,,,,21,,2025-11-10 15:15:00,0.00000,19,,26,,,,1
307,DX00153,20,,9,9,,,Mua tủ lạnh cho Kho Kha Vạn Cân,2025-11-11 00:00:00,"Dạ, mua tủ lạnh để nhân viên kho Kha Vạn Cân cùng nhau sử dụng - Trâm admin đề xuất ",0,ARISE,APPROVED,,,"18,5",,5,,,,20,,2025-11-11 16:02:03,0.00000,18,,26,,,,0
310,DX00154,20,,9,9,,,Mua khò mới cho 2 chi nhánh sử dụng,2025-11-12 00:00:00,"Dạ, Hàm Long 10 cái, Kha Vạn Cân 10 cái - Trâm admin đề xuất ",0,ARISE,APPROVED,,,"18,5",,5,,,,20,,2025-11-12 11:22:58,0.00000,5,,26,,,,0
311,DX00155,20,,9,9,,,MUA BỔ SUNG RÈM VÀ BẠT CHO 2 CHI NHÁNH,2025-11-19 00:00:00,Trâm Admin đề xuất ,0,ARISE,APPROVED,,,"18,5",,5,,,,20,,2025-11-19 13:16:02,0.00000,"5,5,5",,26,,,,0
314,DX00156,21,,10,10,,,Máy in laser trắng đen đa năng Brother DCP-B7640DW Wifi,2025-11-19 00:00:00,,0,ARISE,APPROVED,,,5,,5,,,,21,,2025-11-19 17:09:15,0.00000,18,,26,,,,0
317,DX00157,20,,9,9,,,MUA BỔ SUNG CÔNG CỤ DỤNG CỤ LÀM ĐÁM - KHÒ,2025-11-24 00:00:00,Nhi Admin Vận Hành đề xuất ,0,ARISE,APPROVED,,,"18,5",,5,,,,20,,2025-11-24 14:49:25,0.00000,5,,26,,,,0
320,DX00158,21,,10,10,,,Máy lạnh Sharp Inverter 1.5Hp,2025-11-26 00:00:00,,0,ARISE,APPROVED,,,5,,5,,,,21,,2025-11-26 16:15:08,0.00000,18,,26,,,,0
323,DX00159,20,,9,9,,,Bổ sung rạp và ổ điện làm đám,2025-11-29 00:00:00,,0,ARISE,APPROVED,,,"18,5",,5,,,,20,,2025-11-29 13:25:13,0.00000,"5,5,5",,26,,,,0
326,DX00160,21,,10,10,,,In bổ sung Sổ tay y tế Kimcare,2025-12-04 00:00:00,,0,ARISE,APPROVED,,,5,,5,,,,21,,2025-12-04 11:35:35,0.00000,19,,26,,,,0
329,DX00161,21,,10,10,,,Namecard Nhân sự Mộc Trầm Việt,2025-12-04 00:00:00,,0,ARISE,APPROVED,,,5,,5,,,,21,,2025-12-04 16:25:01,0.00000,19,,26,,,,0
332,DX00162,20,,9,9,,,Mua bổ sung quạt hơi nước cho 2 CN,2025-12-05 00:00:00,,0,ARISE,APPROVED,,,"18,5",,5,,,,20,,2025-12-05 10:40:43,0.00000,5,,26,,,,0
335,DX00163,20,,9,9,,,Bổ sung rèm cho 2 CN,2025-12-05 00:00:00,,0,ARISE,APPROVED,,,"18,5",,5,,,,20,,2025-12-05 10:43:39,0.00000,"5,5,5,5",,26,,,,0
341,DX00165,21,,10,10,,,Tờ rơi (leaflet) hộc lưu cốt : Chùa Bửu Sơn - PV MĐQ,2025-12-11 00:00:00,,0,ARISE,APPROVED,,,5,,5,,,,21,,2025-12-11 15:33:54,0.00000,19,,26,,,,1
344,DX00166,21,,10,10,,,In Brohure Tang lễ việt - Cập nhật lần 3,2025-12-17 00:00:00,PTTT: <div>CN1: 1000 cuốn</div><div>CN2: 200 cuốn</div><div>Hoạt động tang lễ tại đám</div><div>CN1: 400</div><div>CN2: 400</div>,0,ARISE,APPROVED,,,5,,5,,,,21,,2025-12-17 15:07:13,0.00000,19,,26,,,,0
347,DX00167,21,,10,10,,,In Brochure Công giáo Blackstones - In lần 1,2025-12-22 00:00:00,Tổng số lượng in 2000 cuốn<div>1. PTTT đăng ký 1300 cuốn cho hoạt động phát triển</div><div>2. MKT đăng ký 700 cuốn phục vụ đám. Mỗi CN 350 cuốn</div>,0,ARISE,APPROVED,,,5,,5,,,,21,,2025-12-22 11:30:43,0.00000,19,,26,,,,0
350,DX00168,20,,9,9,,,BỔ SUNG ĐỒ VSTD CHO CN1,2025-12-22 00:00:00,Trâm Admin đề xuất,0,ARISE,APPROVED,,,"18,5",,5,,,,20,,2025-12-22 14:47:34,0.00000,"5,5,5,5",,26,,,,0
353,DX00169,21,,10,10,,,In leaflet Đồ Liệm Mộc Trầm Việt,2025-12-22 00:00:00,,0,ARISE,APPROVED,,,5,,5,,,,21,,2025-12-22 16:23:44,0.00000,,,26,,,,0
356,DX00170,23,,8,8,,,ĐỀ XUẤT MUA VẬT TƯ PHỤ KIỆN GIƯỜNG Y TẾ,2025-12-23 00:00:00,,0,ARISE,APPROVED,,,5,,5,,,,23,,2025-12-23 14:22:27,0.00000,"5,5,5,5,5",,26,,,,0
359,DX00171,21,,10,10,,,Mua lò vi sóng Sharp R-2031E-GL,2025-12-23 00:00:00,,0,ARISE,APPROVED,,,5,,5,,,,21,,2025-12-23 15:51:48,0.00000,18,,26,,,,0
362,DX00172,21,,10,10,,,Mua Bếp hồng ngoại Sunhouse SHD6011,2025-12-23 00:00:00,,0,ARISE,APPROVED,,,5,,5,,,,21,,2025-12-23 15:52:39,0.00000,18,,26,,,,0
365,DX00173,20,,9,9,,,DÁN DECAL XE,2025-12-24 00:00:00,admin Thanh,0,ARISE,APPROVED,,,"18,5",,5,,,,20,,2025-12-24 17:24:19,0.00000,19,,26,,,,0
368,DX00174,20,,9,9,,,DÁN DECAL XE,2025-12-27 00:00:00,Admin Thanh,0,ARISE,APPROVED,,,"18,5",,5,,,,20,,2025-12-27 09:49:27,0.00000,19,,26,,,,0
371,DX00175,20,,9,9,,,MUA BỔ SUNG ĐỒ NGHỀ SET UP LIỆM / DI QUAN,2026-01-13 00:00:00,Súng bắn ghim mua loại tốt - mua 10 hộp ghim kèm theo.<br />Mua đồ nghề bổ sung cho 2 chi nhánh.<br />Admin Thanh,0,ARISE,APPROVED,,,"18,5",,5,,,,20,,2026-01-13 16:15:47,0.00000,"5,5,5,5,5,5",,26,,,,0
374,DX00176,21,,10,10,,,Mua quạt trần 5 cánh nâu có đèn - M: KLS - 901,2026-01-20 00:00:00,,0,ARISE,APPROVED,,,5,,5,,,,21,,2026-01-20 14:17:05,0.00000,18,,26,,,,0
377,DX00177,21,,10,10,,,Mua máy lọc nước nóng lạnh Mutosi MP-S1012,2026-01-20 00:00:00,,0,ARISE,APPROVED,,,5,,5,,,,21,,2026-01-20 14:18:16,0.00000,18,,26,,,,0
380,DX00178,21,,10,10,,,Mua ghế làm việc văn phòng CN3,2026-01-20 00:00:00,,0,ARISE,APPROVED,,,5,,5,,,,21,,2026-01-20 16:11:53,0.00000,18,,26,,,,0
383,DX00179,21,,10,10,,,Mua bàn làm việc cho CN 3,2026-01-20 00:00:00,,0,ARISE,APPROVED,,,5,,5,,,,21,,2026-01-20 16:12:37,0.00000,18,,26,,,,0
386,DX00180,21,,10,10,,,Mua bàn hội trường CN 3,2026-01-20 00:00:00,,0,ARISE,APPROVED,,,5,,5,,,,21,,2026-01-20 16:13:05,0.00000,18,,26,,,,0
389,DX00181,21,,10,10,,,Mua Laptop Cấp Cho Nhân Sự Mới,2026-01-23 00:00:00,,0,ARISE,APPROVED,,,5,,5,,,,21,,2026-01-23 17:17:34,0.00000,18,,26,,,,0
392,DX00182,21,,10,10,,,Mua máy tính Dell Latitude E5480 i5 6300U,2026-02-03 00:00:00,,0,ARISE,APPROVED,,,5,,5,,,,21,,2026-02-03 09:25:05,0.00000,18,,26,,,,0
395,DX00183,20,,9,9,,,May đồng phục vận hành-đợt 1 năm 2026,2026-02-06 00:00:00,Size - liên hệ chị Khánh Hà update sau... người đề xuất Trâm admin,0,ARISE,APPROVED,,,"18,5",,5,,,,20,,2026-02-06 10:15:51,0.00000,19,,26,,,,0
398,DX00184,20,,9,9,,,BỔ SUNG CÔNG CỤ DỤNG CỤ - MÓC KHIÊNG/BÊ ÁO QUAN,2026-02-25 00:00:00,"Nhi Admin Vận Hành<br />Đề xuất cho 3 chi nhánh, mỗi chi nhánh 10 cái",0,ARISE,APPROVED,,,"18,5",,5,,,,20,,2026-02-25 14:53:13,0.00000,5,,26,,,,0
401,DX00185,23,,8,8,,,ĐỀ XUẤT MUA VẬT TƯ GIƯỜNG Y TẾ,2026-03-02 00:00:00,,0,ARISE,APPROVED,,,5,,5,,,,23,,2026-03-02 14:04:35,0.00000,4,,26,,,,0
404,DX00186,20,,9,9,,,BỔ SUNG CÔNG CỤ DỤNG LÀM ĐÁM - RÈM,2026-03-02 00:00:00,Nhi Admin Vận Hành đề xuất <br />Rèm cho CN1 - CN3,0,ARISE,APPROVED,,,"18,5",,5,,,,20,,2026-03-02 17:15:23,0.00000,5,,26,,,,0
407,DX00187,20,,9,9,,,DÁN DECAL XE TẢI VAN CN3,2026-03-03 00:00:00,Nhi Admin Vận Hành đề xuất,0,ARISE,APPROVED,,,"18,5",,5,,,,20,,2026-03-03 16:33:33,0.00000,19,,26,,,,0
410,DX00188,6,,3,3,,,Đề xuất mua máy đếm tiền,2026-03-24 00:00:00,,0,ARISE,APPROVED,,,,,6,,,,6,,2026-03-24 14:22:17,0.00000,18,,26,,,,0
413,DX00189,50,,10,10,,,Mua bàn làm việc cho CN2,2026-03-24 00:00:00,,0,ARISE,WAITING,,,,,,,,,50,,2026-03-24 14:38:09,0.00000,18,,26,,,,0
416,DX00190,50,,10,10,,,Mua ghế xoay lưng lưới,2026-03-24 00:00:00,,0,ARISE,WAITING,,,,,,,,,50,,2026-03-24 14:38:57,0.00000,18,,26,,,,0
419,DX00191,9,,5,5,,,Mua 30 ổ điện cho kho 3 - Kinh Dương Vương,2026-03-25 00:00:00,,0,ARISE,APPROVED,,,2,,2,,,,9,,2026-03-25 09:06:23,0.00000,5,,26,,,,0
422,DX00192,20,,9,9,,,MUA BỔ SUNG CCDC CN3,2026-03-25 00:00:00,BỔ SUNG GẤP TRƯỚC NGÀY 1/4/2026,0,ARISE,APPROVED,,,"18,5",,5,,,,20,,2026-03-25 10:37:34,0.00000,"5,5,5,5,5",,26,,,,0
428,DX00194,20,,9,9,,,MUA BỔ SUNG CCDC LÀM ĐÁM - ĐỒ TRANG ĐIỂM (CN1-CN2-CN3),2026-03-28 00:00:00,- Bổ sung CCDC làm đám cho CN1 - CN2 - CN3<br />,0,ARISE,APPROVED,,,"18,5",,5,,,,20,,2026-03-28 12:54:52,0.00000,"5,5,5,5,5,5,5,5,4",,26,,,,0
431,DX00195,50,,10,10,,,Máy Giặt LG AI DD Inverter 17KG,2026-03-30 00:00:00,,0,ARISE,APPROVED,,,5,,5,,,,50,,2026-03-30 09:10:24,0.00000,18,,26,,,,0
434,DX00196,20,,9,9,,,MUA BỔ SUNG CCDC LÀM ĐÁM - RẠP BÀN CN3,2026-03-31 00:00:00,,0,ARISE,APPROVED,,,"18,5",,5,,,,20,,2026-03-31 01:58:21,0.00000,"5,19,5,5,5",,26,,,,0
437,DX00197,42,,4,4,,,Đề xuất mua 10 cái Quạt hơi nước công suất 500W,2026-04-07 00:00:00,,1,ARISE,APPROVED,,,"2,42",,42,,,,42,,2026-04-07 09:49:53,45360000.00000,5,,26,,,,0
440,DX00198,42,,4,4,,,Đề xuất làm bổ sung 60 xe đẩy áo quan có 4 bánh xe xoay cho 3 kho,2026-04-07 00:00:00,,0,ARISE,APPROVED,,,"2,42",,42,,,,42,,2026-04-07 10:07:43,0.00000,5,,26,,,,0
443,DX00199,47,,2,2,,,Mua thêm hàng khấu hao cho Kho 1 & 3,2026-04-08 00:00:00,,0,ARISE,APPROVED,,,,,47,,,,47,,2026-04-08 09:58:34,0.00000,"5,5,5",,26,,,,0
446,DX00200,50,,10,10,,,Thi công dán decal xe 16 chỗ Transit Xám,2026-04-08 00:00:00,,0,ARISE,APPROVED,,,5,,5,,,,50,,2026-04-08 15:30:08,0.00000,19,,26,,,,0
449,DX00201,50,,10,10,,,Thi công dán decal xe 16 chỗ Transit Đen,2026-04-08 00:00:00,,0,ARISE,APPROVED,,,5,,5,,,,50,,2026-04-08 15:30:48,0.00000,19,,26,,,,0
452,DX00202,20,,9,9,,,MUA BỔ SUNG CCDC LÀM ĐÁM ( CN1 - CN2 - CN3 ),2026-04-08 00:00:00,NỆM QUỲ CHO CN1 CN2 CN3 ,0,ARISE,APPROVED,,,"18,5",,5,,,,20,,2026-04-08 15:45:41,0.00000,5,,26,,,,0
455,DX00203,9,,5,5,,,đồ khấu hao bổ sung cho nhiều đám,2026-04-08 00:00:00,,0,ARISE,APPROVED,,,2,,47,,,,9,,2026-04-09 06:33:02,0.00000,"5,5,5,5,5,5,5,5",,26,,,,0
458,DX00204,50,,10,10,,,Mua lò vi sóng Sharp R-2031E-GL (lần 2),2026-04-09 00:00:00,,0,ARISE,WAITING,,,,,,,,,50,,2026-04-09 10:46:26,0.00000,18,,26,,,,0
461,DX00205,21,,5,5,,,Đề xuất thêm/thay mới đồ khấu hao xuất đám 2026,2026-04-09 00:00:00,,0,ARISE,APPROVED,,,2,,2,,,,21,,2026-04-09 16:50:54,0.00000,"5,5,5,5,5,5,5,5,5",,26,,,,0
464,DX00206,42,,4,4,,,Mua bổ sung vật tư cho kho 3,2026-04-13 00:00:00,,0,ARISE,APPROVED,,,"2,42",,42,,,,42,,2026-04-13 10:57:41,0.00000,"4,4,18,5,5,5,5",,26,,,,0
470,DX00209,23,,8,8,,,ĐỀ XUẤT MUA VẬT TƯ GIƯỜNG Y TẾ,2026-04-21 00:00:00,,0,ARISE,APPROVED,,,5,,5,,,,23,,2026-04-21 14:44:44,0.00000,4,,26,,,,0
473,DX00210,2,,4,4,,,Bổ sung vật tư mùa nóng cho 3 CN,2026-04-21 00:00:00,,0,ARISE,APPROVED,,,"2,42",,47,,,,2,,2026-04-21 16:33:59,0.00000,"5,5",,26,,,,0
474,DX00211,50,,10,10,,,Mua máy in Laser trắng đen đang năng Brother DCP-B7640DW,2026-04-29 00:00:00,,0,ARISE,APPROVED,,,5,,5,,,,50,,2026-04-29 08:52:44,0.00000,18,,26,,,,0
475,DX00212,12,,6,"7,6",,,ĐẶT GHẾ ĐÁ ĐIỂM MỞ POSM CN2&3,2026-05-04 00:00:00,,0,ARISE,APPROVED,,,"12,5",,5,,,,25,,2026-05-04 14:05:58,0.00000,19,,26,,,,0
477,DX00213,20,,9,9,,,BỔ SUNG VẬT DỤNG LÀM ĐÁM CN3,2026-05-04 00:00:00,admin Thanh,0,ARISE,APPROVED,,,"18,5",,5,,,,20,,2026-05-04 14:06:19,0.00000,"5,5,5,5,5,5,5,5,5,5,5,5",,26,,,,0
479,DX00214,20,,9,9,,,MAY ĐỒNG PHỤC VẬN HÀNH,2026-05-04 00:00:00,Admin Thanh,0,ARISE,APPROVED,,,"18,5",,5,,,,20,,2026-05-04 14:37:17,0.00000,"19,19,19,19",,26,,,,0
481,DX00215,50,,10,10,,,Tủ sắt quần áo - Chi nhánh 3 - Kinh Dương Vương,2026-05-04 00:00:00,,0,ARISE,APPROVED,,,5,,5,,,,50,,2026-05-04 17:20:23,0.00000,18,,26,,,,0
483,DX00216,45,,6,"8,6",,,ĐẶT GHẾ ĐÁ ĐIỂM MỞ POSM CN2&3 - ĐỢT 2,2026-05-05 00:00:00,,0,ARISE,APPROVED,,,"12,5",,5,,,,25,,2026-05-05 13:40:02,0.00000,19,,26,,,,0
485,DX00217,9,,5,5,,,Đề xuất khung xe & kệ đặt quạt hơi nước,2026-05-05 00:00:00,,0,ARISE,APPROVED,,,2,,2,,,,9,,2026-05-05 14:37:50,0.00000,"19,5",,26,,,,0
487,DX00218,20,,9,9,,,MUA BỔ SUNG VẬT DỤNG LÀM ĐÁM CN1,2026-05-05 00:00:00,Admin Thanh,0,ARISE,APPROVED,,,"18,5",,5,,,,20,,2026-05-05 14:38:46,0.00000,"5,5,5",,26,,,,0
489,DX00219,50,,10,10,,,Mua máy lọc nước nóng lạnh cho Chi nhánh 2,2026-05-05 00:00:00,,0,ARISE,APPROVED,,,5,,5,,,,50,,2026-05-05 15:45:44,0.00000,18,,26,,,,0
491,DX00220,46,,5,5,,,MUA VẬT TƯ,2026-05-06 00:00:00,Mua mới vật tư hư hỏng ,0,ARISE,WAITING,,,2,,,,,,46,,2026-05-06 10:53:11,0.00000,5,,26,,,,1
493,DX00221,45,,8,8,,,"BỔ SUNG ĐẶT BÀN CỜ ĐÁ, DÙ LỆCH TÂM VÀ KỆ MICA POSM CHI NHÁNH 3 (ĐỢT 2)",2026-05-11 00:00:00,,0,ARISE,WAITING,,,,,,,,,45,,2026-05-11 11:32:50,0.00000,"5,5,19",,26,,,,0
495,DX00222,14,,6,"7,6",,,BÀN GHẾ ĐÁ ĐẶT UBMT PHƯỜNG HIỆP BÌNH CN2,2026-05-11 00:00:00,,0,ARISE,WAITING,,,12,,,,,,25,,2026-05-11 15:18:39,0.00000,"19,19",,26,,,,0
497,DX00223,50,,10,10,,,Brochure Blackstones 2026 - Cập nhật lần 1,2026-05-11 00:00:00,,0,ARISE,APPROVED,,,5,,5,,,,50,,2026-05-11 15:47:34,0.00000,19,,26,,,,0
499,DX00224,2,,4,4,,,Bổ sung vật tư mùa nóng cho 3 CN,2026-05-11 00:00:00,"<span style=""float:none;background-color:rgb(255,255,255);text-transform:none;text-indent:0px;letter-spacing:normal;font-weight:400;font-style:normal;font-size:14px;font-family:InterTight, Roboto, Arial, sans-serif;color:rgb(29,35,46);"">Đề xuất thay thế cho DX00210</span>",0,ARISE,APPROVED,,,"2,42",,47,,,,2,,2026-05-11 16:08:09,0.00000,5,,26,,,,0
