ID,code,type,formal_name,name,gender,birthday,birthday_now,product_ids,customer_id,private_code,private_date,private_place,phones,emails,address,search_contact_info,address_show,trade_id,job_tax,job_date,desc,user_id,date_created,created_by_id,represent_name,represent_position,business,bank_detail,debt,last_comments,num_file
2,NCC0002,1,,CÔNG TY TNHH VẬN TẢI KUMHO SAMCO BUSLINES,,,,,,,,,,,,,,,,,Cung cấp xe 29 chỗ và 45 chỗ,,2024-04-26 16:05:08,1,,,,,1648204985.7000003,,0
3,NCC0003,1,,Xe cấp cứu 115 SG,,,,,,,,,,,,,,,,,Cung cấp xe cấp cứu,,2024-04-26 16:05:09,1,,,,,1200000,,0
4,NCC0004,1,,CÔNG TY TNHH MAI TÁNG DV THIÊN HOA,,,,,,,,,,,,,,,,,"Cung cấp quan tài thiêu/ chôn các loại, quách và hủ đựng tro cốt, vật tư khấu+ tiêu hao",,2024-04-26 16:05:09,1,,,,,289799800,,0
5,NCC0005,1,,CÔNG TY TNHH MTV DV - SX MINH ANH BD,,,,,,,,,,,,,,,,,Cung cấp quan tài thiêu/ chôn các loại,,2024-04-26 16:05:10,1,,,,,2475792000,,0
6,NCC0006,1,,Phúc Tinh,,,,,,,,,,,,,,,,,Cung cấp quách và hủ tro cốt,,2024-04-26 16:05:11,1,,,,,127222000,,0
7,NCC0012,1,,CÔNG TY TNHH THƯƠNG MẠI DỊCH VỤ VẠN PHÁT GIA,,,,,,,,,,,,,,,,,"Gia công may rèm linh đường, bàn phật, bàn linh",,2024-04-26 16:05:11,1,,,,,793689840,,0
8,NCC0013,1,,Công ty Sen Việt Water,,,,,,,,,,,,,,,,,Cung cấp nước suối trong đám,,2024-04-26 16:05:11,1,,,,,,,0
9,NCC0014,1,,CÔNG TY TNHH SẢN XUẤT STC VIỆT NAM,,,,,,,,,,,,,,,,,Cung cấp khăn giấy ướt,,2024-04-26 16:05:12,1,,,,,160245000,,0
10,NCC0019,1,,CÔNG TY TNHH CHẾ NHÂM,,,,,,,,,,,,,,,,,Cung cấp bao thư,,2024-04-26 16:05:13,1,,,,,380925000,,0
11,NCC0020,1,,CÔNG TY TNHH SKY SÀI GÒN,,,,,,,,,,,,,,,,,Cung cấp thảm sàn xám,,2024-04-26 16:05:13,1,,,,,373734000,,0
12,NCC0021,1,,CÔNG TY TNHH SX TM DỆT THÊU MAY MỸ DUNG,,,,,,,,,,,,,,,,,Cung cấp vải voan,,2024-04-26 16:05:14,1,,,,,355309030.99,,0
13,NCC0022,1,,Công ty An Mac,,,,,,,,,,,,,,,,,Đồng phục/ Áo vest nhân viên,,2024-04-26 16:05:14,1,,,,,,,0
14,NCC0023,1,,CÔNG TY TNHH THIẾT KẾ BẢO HỘ HƯNG THỊNH,,,,,,,,,,,,,,,,,Đồng phục áo thun/ áo BHLD,,2024-04-26 16:05:15,1,,,,,,,0
15,NCC0025,1,,CÔNG TY TNHH THIÊN AN NAM PHƯƠNG,,,,,,,,,,,,,,,,,Cung cấp Nước đóng chai Analife 250ml,,2024-04-26 16:05:16,1,,,,,,,0
16,NCC0026,1,,CÔNG TY TRÁCH NHIỆM HỮU HẠN PHÂN PHỐI TRẦN NGUYỄN,,,,,,,,,,,,,,,,,Cung cấp Nước đóng chai Danasi,,2024-04-26 16:05:17,1,,,,,,,0
17,NCC0027,1,,CHI NHÁNH TẠI TP HỒ CHÍ MINH - CÔNG TY CỔ PHẦN THƯƠNG MẠI VÀ DỊCH VỤ NGỌC HÀ (TP. HÀ NỘI),,,,,,,,,,,,,,,,,Cung cấp văn phòng phẩm,,2024-04-26 16:05:18,1,,,,,,,0
18,NCC0035,1,,Nước lavie Q2,,,,,,,,,,,,,,,,,Cung cấp nước đóng chai,,2024-04-26 16:05:18,1,,,,,,,0
19,NCC0036,1,,CÔNG TY TNHH QUẢN LÝ HOA VIÊN NGHĨA TRANG SALA,,,,,,,,,,,,,,,,,"Dịch vụ hạ huyệt , mâm cúng",,2024-04-26 16:05:19,1,,,,,162529998.22,,0
20,NCC0044,1,,CÔNG TY CỔ PHẦN DV ĐỒ CÚNG TÂM LINH,,,,,,,,,,,,,,,,,Cung cấp mâm cúng,,2024-04-26 16:05:19,1,,,,,859401790,,0
21,NCC0045,1,,HỘ KINH DOANH ẨM THỰC CHAY HƯƠNG SEN,,,,,,,,,,,,,,,,,Cung cấp mâm cúng,,2024-04-26 16:05:19,1,,,,,,,0
22,NCC0046,1,,CÔNG TY TNHH ĐIỂM SEN,,,,,,,,,,,,,,,,,Cung cấp hủ tro cốt,,2024-04-26 16:05:20,1,,,,,246623800.01,,0
23,NCC0048,1,,SMLife,,,,,,,,,,,,,,,,,Cung cấp khay gỗ,,2024-04-26 16:05:20,1,,,,,,,0
24,NCC0052,1,,Công yty TNHH SX TM XNK Đại Liên Hiệp,,,,,,,,,,,,,,,,,Cung cấp đèn cầy,,2024-04-26 16:05:22,1,,,,,193834689.66000003,,0
25,NCC0088,1,,Lò thiêu Bình Hưng Hòa,,,,,,,,,,,,,,,,,"Nhà hỏa táng,",,2024-04-26 16:05:24,1,,,,,539397960,,0
26,NCC0089,1,,Lò thiêu Phúc An Viên,,,,,,,,,,,,,,,,,"Nhà hỏa táng, an táng",,2024-04-26 16:05:25,1,,,,,,,0
27,NCC0090,1,,Lò thiêu Đa Phước,,,,,,,,,,,,,,,,,Nhà hỏa táng,,2024-04-26 16:05:25,1,,,,,123936399.5,,0
28,NCC0091,1,,Lò Thiêu Tháp Long Thọ,,,,,,,,,,,,,,,,,Nhà hỏa táng,,2024-04-26 16:05:25,1,,,,,53850000,,0
29,NCC0092,1,,Lò thiêu Phước Lạc Viên,,,,,,,,,,,,,,,,,Nhà hỏa táng,,2024-04-26 16:05:25,1,,,,,92160000,,0
30,NCC0093,1,,Nghĩa Trang Bình Dương,,,,,,,,,,,,,,,,,"Nhà hỏa táng, an táng",,2024-04-26 16:05:26,1,,,,,,,0
31,NCC0094,1,,CÔNG TY TNHH HÒA LẠC VIÊN,,,,,,,,,,,,,,,,,Nhà hỏa táng,,2024-04-26 16:05:28,1,,,,,1151000000,,0
32,NCC0095,1,,CÔNG TY CP KHÔNG GIAN GỐM BÁT TRÀNG,,,,,,,,,,,,,,,,,Đồ thờ cúng,,2024-04-26 16:05:28,1,,,,,242360100,,0
33,NCC0096,1,,CÔNG TY TNHH MTV HIẾU NGỌC,,,,,,,,,,,,,,,,,Thuê xe 45 chỗ,,2024-04-26 16:05:29,1,,,,,,,0
34,NCC0097,1,,CÔNG TY TNHH TM DV LÊ TUẤN ANH,,,,,,,,,,,,,,,,,Thi công ghế đá,,2024-04-26 16:05:30,1,,,,,85363200,,0
35,NCC0001,1,,Công Tuấn Thọ,,,,,,,,,,,,,,,,,"Cung cấp xe phật, xe rồng, xe tang, đạo tỳ",,2024-04-26 16:20:18,1,,,,,,,0
36,NCC0007,1,,Đức Thành,,,,,,,,,,,,,,,,,Cung cấp quách và hủ tro cốt,,2024-04-26 16:20:22,1,,,,,,,0
37,NCC0008,1,,Hoa Khánh Quang,,,,,,,,,,,,,,,,,Cung cấp dịch vụ cấm hoa các gói,,2024-04-26 16:20:23,1,,,,,,,0
38,NCC0009,1,,Hoa Hải Đường,,,,,,,,,,,,,,,,,Cung cấp dịch vụ cấm hoa các gói,,2024-04-26 16:20:23,1,,,,,,,0
39,NCC0010,1,,Cửa Hàng Hoàng Diệu,,,,,,,,,,,,,,,,,"Cung cấp vật tư tiêu hao: nhang, đèn, bát hương, máy niệm phật",,2024-04-26 16:20:23,1,,,,,800000,,0
40,NCC0011,1,,Cửa Hàng Huy Đạt,,,,,,,,,,,,,,,,,"Cung cấp vật tư tiêu hao: giấy tiền, đồ tang truyền thống, áo sơ mi đen, v,v",,2024-04-26 16:20:24,1,,,,,11797000.01,,0
41,NCC0015,1,,Chị Thanh - Shopee,,,,,,,,,,,,,,,,,Cung cấp hạt dưa,,2024-04-26 16:20:29,1,,,,,,,0
42,NCC0016,1,,Cửa Hàng Diệu Ký - Cô Phón,,,,,,,,,,,,,,,,,"Mua bài vị, lá triệu",6,2024-04-26 16:20:30,1,,,,"[{""bank_number"":"""",""bank_title"":""""}]",330564000,,0
43,NCC0017,1,,My Nguyễn,,,,,,,,,,,,,,,,,Làm di ảnh,,2024-04-26 16:20:30,1,,,,,1873000,,0
44,NCC0018,1,,CÔNG TY TNHH THƯƠNG MẠI DỊCH VỤ PHÁT TRƯƠNG (Anh Duy),,,,,,,,,,,,,,,3703241614,,"Làm di ảnh, cáo phó",6,2024-04-26 16:20:31,1,,,,"[{""bank_number"":"""",""bank_title"":""""}]",324977600,,0
45,NCC0024,1,,Hà Anh,,,,,,,,,,,,,,,,,Cung cấp nhang thảo dược,,2024-04-26 16:20:33,1,,,,,65780000,,0
46,NCC0028,1,,Siêu thị phật giáo Trang Nhã,,,,,,,,,,,,,,,,,"Đồ thờ cúng (lư hương, dĩa trái cây, ống nhang…)",,2024-04-26 16:20:37,1,,,,,115620000.4,,0
47,NCC0029,1,,Cửa hàng Minh Phát,,,,,,,,,,,,,,,,,Cung cấp đồ cúng,,2024-04-26 16:20:38,1,,,,,,,0
48,NCC0030,1,,Nhạc Hiếu (nhạc Bắc/ Nam),,,,,,,,,,,,,,,,,Dịch vụ nhạc,,2024-04-26 16:20:38,1,,,,,,,0
49,NCC0031,1,,Trại hòm Huỳnh Chính Thành - Đồng Nai,,,,,,,,,,,,,,,,,Cung cấp quan tài thiêu/chôn,,2024-04-26 16:20:38,1,,,,,,,0
50,NCC0032,1,,"Trại hòm Ba Tiên, Giồng Trôm, Bến Tre",,,,,,,,,,,,,,,,,Cung cấp quan tài thiêu/chôn,,2024-04-26 16:20:39,1,,,,,,,0
51,NCC0033,1,,Thầy Nguyên (người Hoa),,,,,,,,,,,,,,,,,Thầy cúng,,2024-04-26 16:20:40,1,,,,,,,0
52,NCC0034,1,,Xe cấp cứu Nguyễn Tri Phương,,,,,,,,,,,,,,,,,Cung cấp xe cấp cứu,,2024-04-26 16:20:40,1,,,,,,,0
53,NCC0037,1,,Chị Thủy rạp,,,,,,,,,,,,,,,,,Thuê rạp thường,,2024-04-26 16:20:41,1,,,,,,,0
54,NCC0038,1,,Kèn Tây - HCM,,,,,,,,,,,,,,,,,Thuê kèn tây,,2024-04-26 16:20:42,1,,,,,1225599703,,0
55,NCC0039,1,,"Nhạc violin, ghita, saxophone",,,,,,,,,,,,,,,,,"Thuê nhạc Nhạc violin, ghita, saxophone",,2024-04-26 16:20:43,1,,,,,,,0
56,NCC0040,1,,"Nhạc hiếu, hát múa",,,,,,,,,,,,,,,,,"Thuê nhạc hiếu, hát múa",,2024-04-26 16:20:44,1,,,,,,,0
57,NCC0041,1,,Pháp Viện Minh Đăng Quang,,,,,,,,,,,,,,,,,Nhà tang lễ,,2024-04-26 16:20:44,1,,,,,2000000,,0
58,NCC0042,1,,Chụp hình/ Quay phim Nguyễn Quốc Toàn,,,,,,,,,,,,,,,,,"Chụp hình , quay phim",,2024-04-26 16:20:44,1,,,,,804090000,,0
59,NCC0043,1,,Chụp hình/ Quay phim Khánh Lê,,,,,,,,,,,,,,,,,"Chụp hình , quay phim",,2024-04-26 16:20:45,1,,,,,53412000,,0
60,NCC0047,1,,CÔNG TY TNHH SẢN XUẤT THƯƠNG MẠI QUẢNG CÁO TRUNG NGUYÊN,,,,,,,,,,,,,,,,,"Decal, in ấn format, làm bảng quảng cáo",,2024-04-26 16:20:46,1,,,,,,,0
61,NCC0049,1,,CH Tuyết Nhi,,,,,,,,,,,,,,,,,"Cung cấp ly, tách",,2024-04-26 16:20:47,1,,,,,,,0
62,NCC0050,1,,HKD ĐOÀN TRẦN VĂN TUYẾT CƯƠNG,,,,,,,,,,,,,,,,,Cung cấp hoa,,2024-04-26 16:20:48,1,,,,,,,0
63,NCC0051,1,,Hoa Mẫn Đạt,,,,,,,,,,,,,,,,,Cung cấp hoa,,2024-04-26 16:20:49,1,,,,,383684208,,0
64,NCC0053,1,,Kèn Tây - Xuân Lộc/ Đồng Nai,,,,,,,,,,,,,,,,,Cung cấp kèn tây,,2024-04-26 16:20:50,1,,,,,8000000,,0
65,NCC0054,1,,Trần Thế Duy,,,,,,,,,,,,,,,,,Cung cấp đèn cầy,,2024-04-26 16:20:50,1,,,,,,,0
66,NCC0055,1,,VPP Hào Phong,,,,,,,,,,,,,,,,,Cung cấp văn phòng phẩm,,2024-04-26 16:20:51,1,,,,,118951880,,0
67,NCC0056,1,,NCC Chính Huỳnh Thành,,,,,,,,,,,,,,,,,"Xe phật, xe tang gần DA Sala",,2024-04-26 16:20:52,1,,,,,,,0
68,NCC0057,1,,Xuân Hòa,,,,,,,,,,,,,,,,,Bàn ghế văn phòng,,2024-04-26 16:20:53,1,,,,,,,0
69,NCC0058,1,,Thầy Thanh,,,,,,,,,,,,,,,,,Thầy cúng,,2024-04-26 16:20:54,1,,,,,1416888756,,0
70,NCC0059,1,,Cơ sở Tuấn Tài,,,,,,,,,,,,,,,,,"Sản xuất trụ sắt, trụ inox",,2024-04-26 16:20:55,1,,,,,,,0
71,NCC0060,1,,Trại hòm Ba Tiên,,,,,,,,,,,,,,,,,Đạo tỳ,,2024-04-26 16:20:57,1,,,,,,,0
72,NCC0061,1,,Sáu Trung,,,,,,,,,,,,,,,,,"Đạo tỳ, xe rồng, xe phật",,2024-04-26 16:20:57,1,,,,,4590847600.339999,,0
73,NCC0062,1,,Phúc Trường,,,,,,,,,,,,,,,,,"Đạo tỳ, xe rồng, xe phật",,2024-04-26 16:20:58,1,,,,,41700000,,0
74,NCC0063,1,,Cơ sở mai táng Phước Tánh,,,,,,,,,,,,,,,,,"Đạo tỳ, xe rồng, xe phật",,2024-04-26 16:20:59,1,,,,,,,0
75,NCC0064,1,,Trại hòm Tài Phước Toàn,,,,,,,,,,,,,,,,,"Đạo tỳ, xe rồng, xe phật",,2024-04-26 16:21:00,1,,,,,,,0
76,NCC0065,1,,Trại hòm Long Khê,,,,,,,,,,,,,,,,,"Đạo tỳ, xe rồng, xe phật",,2024-04-26 16:21:01,1,,,,,,,0
77,NCC0066,1,,Trại hòm Dũng Thanh,,,,,,,,,,,,,,,,,"Đạo tỳ, xe rồng, xe phật",,2024-04-26 16:21:01,1,,,,,,,0
78,NCC0067,1,,Trại hòm Trường Bình,,,,,,,,,,,,,,,,,"Đạo tỳ, xe rồng, xe phật",,2024-04-26 16:21:02,1,,,,,,,0
79,NCC0068,1,,Trại hòm Sáu Thọ,,,,,,,,,,,,,,,,,"Đạo tỳ, xe rồng, xe phật",,2024-04-26 16:21:03,1,,,,,,,0
80,NCC0069,1,,DVTL Kim Phát,,,,,,,,,,,,,,,,,"Đạo tỳ, xe rồng, xe phật",,2024-04-26 16:21:03,1,,,,,,,0
81,NCC0070,1,,DVTL Hội Kim Tâm,,,,,,,,,,,,,,,,,"Đạo tỳ, xe rồng, xe phật",,2024-04-26 16:21:03,1,,,,,,,0
82,NCC0071,1,,Trại hòm Tôbia,,,,,,,,,,,,,,,,,"Đạo tỳ, xe rồng, xe phật",,2024-04-26 16:21:04,1,,,,,,,0
83,NCC0072,1,,Trại hòm Phi Long,,,,,,,,,,,,,,,,,"Đạo tỳ, xe rồng, xe phật",,2024-04-26 16:21:05,1,,,,,,,0
84,NCC0073,1,,Trại hòm Tư Tài,,,,,,,,,,,,,,,,,"Đạo tỳ, xe rồng, xe phật",,2024-04-26 16:21:05,1,,,,,,,0
85,NCC0074,1,,Trại hòm Hiếu Dương,,,,,,,,,,,,,,,,,"Đạo tỳ, xe rồng, xe phật",,2024-04-26 16:21:06,1,,,,,,,0
86,NCC0075,1,,Chùa Vĩnh Nghiêm,,,,,,,,,,,,,,,,,Nhà tang lễ,,2024-04-26 16:21:06,1,,,,,,,0
87,NCC0076,1,,Nhà Tang Lễ Quận 4,,,,,,,,,,,,,,,,,Nhà tang lễ,,2024-04-26 16:21:07,1,,,,,,,0
88,NCC0077,1,,Nhà Tang Lễ Bệnh Viện Phạm Ngọc Thạch,,,,,,,,,,,,,,,,,Nhà tang lễ,,2024-04-26 16:21:07,1,,,,,,,0
89,NCC0078,1,,Nhà Tang Lễ An Bình,,,,,,,,,,,,,,,,,Nhà tang lễ,,2024-04-26 16:21:07,1,,,,,,,0
90,NCC0079,1,,Nhà Tang Lễ Bệnh Viện Nguyễn Tri Phương,,,,,,,,,,,,,,,,,Nhà tang lễ,,2024-04-26 16:21:08,1,,,,,,,0
91,NCC0080,1,,Nhà Tang Lễ Nghĩa Trang Phúc An Viên,,,,,,,,,,,,,,,,,Nhà tang lễ,,2024-04-26 16:21:08,1,,,,,,,0
92,NCC0081,1,,Nhà Tang Lễ Chùa Ấn Quang,,,,,,,,,,,,,,,,,Nhà tang lễ,,2024-04-26 16:21:08,1,,,,,,,0
93,NCC0082,1,,Nhà Tang Lễ Chùa Giác Viên,,,,,,,,,,,,,,,,,Nhà tang lễ,,2024-04-26 16:21:09,1,,,,,,,0
94,NCC0083,1,,Nhà Tang Lễ Chùa Bồ Đề,,,,,,,,,,,,,,,,,Nhà tang lễ,,2024-04-26 16:21:10,1,,,,,,,0
95,NCC0084,1,,Nhà Tang Lễ Bệnh Viện Thông Nhất,,,,,,,,,,,,,,,,,Nhà tang lễ,,2024-04-26 16:21:11,1,,,,,,,0
96,NCC0085,1,,Nhà Tang Lễ Bộ Quốc Phòng (Bệnh Viện Quân Y 175),,,,,,,,,,,,,,,,,Nhà tang lễ,,2024-04-26 16:21:11,1,,,,,,,0
97,NCC0086,1,,Nhà Tang Lễ Quận Gò Vấp,,,,,,,,,,,,,,,,,Nhà tang lễ,,2024-04-26 16:21:11,1,,,,,,,0
98,NCC0087,1,,Nhà Tang Lễ Chùa Trường Thạnh,,,,,,,,,,,,,,,,,Nhà tang lễ,,2024-04-26 16:21:12,1,,,,,,,0
99,NCC0098,0,,Cửa hàng nến điện Huệ Nguyễn,,,,,,,,,,,,,,,,,,2,2024-07-09 08:59:43,2,,,,"[{""bank_number"":"""",""bank_title"":""""}]",3830000.1,,0
100,NCC0099,1,,Hộ Kinh Doanh Cơ Sở Sản Xuất Áo Quan Thiên Thành,,,,,,,,,,,,Phạm Tín Nghĩa-0907250796-,,,8738084376-001,,,2,2024-07-11 14:43:07,2,Phạm Tín Nghĩa,Chủ hộ kinh doanh,,"[{""bank_number"":""19037303140011"",""bank_title"":""26""}]",588794366.01,,0
101,NCC0100,0,,Shopee,,,,,,,,,,,,,,,,,,2,2024-07-11 14:57:52,2,,,,"[{""bank_number"":"""",""bank_title"":""""}]",143636364.79,,0
102,NCC0101,1,,Công ty TNHH Thương Mại Điện Máy Minh Thành,,,,,,,,,,,,,,,0316966657,,,2,2024-07-11 15:32:12,2,,,,"[{""bank_number"":"""",""bank_title"":""""}]",19218000.29,,0
103,NCC0102,1,,Công ty TNHH MTV Thương Mại Thiên Tuấn,,,,,,,,,,,,Chị Trinh-0932053493-,,,0305479570,,,2,2024-07-17 10:29:49,2,Chị Trinh,,,"[{""bank_number"":"""",""bank_title"":""""}]",36120001.480000004,,0
104,NCC0103,1,,Công ty TNHH Thương Mại và Dịch Vụ Nhã Phượng,,,,,,,,,,,,-0903619882-,,,0309058132,,,2,2024-07-17 10:33:49,2,,,,"[{""bank_number"":"""",""bank_title"":""""}]",202634474.22000003,,0
105,NCC0104,1,,Công ty TNHH MM Mega Market (Việt Nam),,,,,,,,,,,,,,,0302249586,,,2,2024-07-17 10:39:48,2,,,,"[{""bank_number"":"""",""bank_title"":""""}]",42418323.39,,0
106,NCC0105,1,,Công ty TNHH Sản Xuất Thương Mại Nông Sản Cà Phê Quân Long,,,,,,,,,,,,-0906997099-,,,0318177425,,,2,2024-07-17 11:03:55,2,,,,"[{""bank_number"":"""",""bank_title"":""""}]",423720000,,0
107,NCC0106,1,,Công ty TNHH Ly Giấy Việt Nam,,,,,,,,,,,,,,,0310087152,,,2,2024-07-20 08:45:07,2,,,,"[{""bank_number"":""30113168"",""bank_title"":""18""}]",21280482,,0
108,NCC0107,1,,Công ty TNHH DV TM ĐT Phi Nguyễn,,,,,,,,,,,,,,,0305811563-002,,,2,2024-07-22 10:07:18,2,,,,"[{""bank_number"":"""",""bank_title"":""""}]",258039998.91000012,,0
109,NCC0108,0,,Hệ Thống Nhà Thuốc Dr. Tâm,,,,,,,,,,,,,,,,,,2,2024-07-24 08:40:42,2,,,,"[{""bank_number"":"""",""bank_title"":""""}]",760000,,0
110,NCC0109,0,,Shop Ngọc Linh,,,,,,,,,,,,,,,,,,2,2024-07-24 16:14:55,2,,,,"[{""bank_number"":"""",""bank_title"":""""}]",,,0
111,NCC0110,1,,Công ty TNHH Dịch Vụ Tin Học Siêu Tốc,,,,,,,,,,,,,,,0311427563,,,2,2024-07-25 14:32:20,2,,,,"[{""bank_number"":"""",""bank_title"":""""}]",5287984,,0
112,NCC0111,1,,Công ty TNHH Thương Mại Dich Vụ DZ,,,,,,,,,,,,,,,0316417128,,,2,2024-07-25 14:50:58,2,,,,"[{""bank_number"":"""",""bank_title"":""""}]",5230000,,0
113,NCC0112,1,,Công ty TNHH Kỹ Thuật Số Phú Quang,,,,,,,,,,,,,,,0311834086,,,2,2024-07-25 15:08:37,2,,,,"[{""bank_number"":"""",""bank_title"":""""}]",2448000,,0
114,NCC0113,1,,"Chi Nhánh tại Tp,.HCM-Công ty Xây Dựng và Đầu Tư Thương Mại Hoàng Hà",,,,,,,,,,,,,,,0106713191-001,,,2,2024-07-29 10:20:46,2,,,,"[{""bank_number"":"""",""bank_title"":""""}]",2890000.3,,0
115,NCC0114,1,,Công ty TNHH Anmac Việt Nam,,,,,,,,,,,,,,,0106845462,,,2,2024-08-01 10:27:53,2,,,,"[{""bank_number"":""205913866"",""bank_title"":""30""}]",185360400,,0
116,NCC0115,1,,Công ty TNHH ĐT KD và Phát Triển Thiên Hà,,,,,,,,,,,,,,,0318197950,,,2,2024-08-05 08:46:15,2,,,,"[{""bank_number"":"""",""bank_title"":""""}]",5642000.25,,0
117,NCC0116,1,,Công ty TNHH Thương Mại Trung Việt Hồng,,,,,,,,,,,,,,,3703131322,,,2,2024-08-05 12:14:37,2,,,,"[{""bank_number"":"""",""bank_title"":""""}]",896400,,0
118,NCC0117,1,,Công ty TNHH Thương Mại Sản Xuất Khánh Toàn,,,,,,,,,,,,,,,0700795859,,,2,2024-08-06 11:20:51,2,,,,"[{""bank_number"":""7711100058005"",""bank_title"":""33""}]",2524867200,,0
119,NCC0118,0,,Cửa hàng điện Phượng Hoàng,,,,,,,,,,,,,,,,,,2,2024-08-07 10:40:36,2,,,,"[{""bank_number"":"""",""bank_title"":""""}]",1840000,,0
120,NCC0119,0,,Cửa hàng rượu Wine,,,,,,,,,,,,,,,,,,2,2024-08-08 09:09:15,2,,,,"[{""bank_number"":"""",""bank_title"":""""}]",600000,,0
121,NCC0120,0,,Cửa hàng Việt Mỹ,,,,,,,,,,,,,,,,,,2,2024-08-08 09:13:12,2,,,,"[{""bank_number"":"""",""bank_title"":""""}]",178500000,,0
122,NCC0121,0,,Cửa hàng chị Huyên,,,,,,,,,,,,,,,,,,2,2024-08-08 10:00:47,2,,,,"[{""bank_number"":"""",""bank_title"":""""}]",125243000,,0
123,NCC0122,0,,NCC vãng lai,,,,,,,,,,,,,,,,,,2,2024-08-12 10:13:40,2,,,,"[{""bank_number"":"""",""bank_title"":""""}]",850000.02,,0
124,NCC0123,1,,Chi Nhánh Công ty Cổ Phần Champtailor Tại Nam Định,,,,,,,,,,,,,,,0108822220-001,,,2,2024-08-12 17:22:18,2,,,,"[{""bank_number"":"""",""bank_title"":""""}]",5050080,,0
125,NCC0124,1,,Công ty TNHH Cao Phong,,,,,,,,,,,,,,,0302309845,,,2,2024-08-14 14:52:44,2,,,,"[{""bank_number"":"""",""bank_title"":""""}]",38583000,,0
126,NCC0125,1,,Công ty TNHH Khả Dương,,,,,,,,,,,,,,,0315794814,,,2,2024-08-14 15:47:08,2,,,,"[{""bank_number"":"""",""bank_title"":""""}]",2268000,,0
127,NCC0126,0,,AliExpress,,,,,,,,,,,,,,,,,,2,2024-08-14 16:21:06,2,,,,"[{""bank_number"":"""",""bank_title"":""""}]",510000,,0
128,NCC0127,0,,Bùi Quốc Ngữ,,,,,,,,,,,,,,,,,,2,2024-08-24 09:18:50,2,,,,"[{""bank_number"":"""",""bank_title"":""""}]",750000,,0
129,NCC0128,1,,Công ty TNHH Đầu Tư Thương Mại Dịch Vụ Xây Dựng Thịnh Phát,,,,,,,,,,,,,,,0317620595,,,2,2024-08-28 08:46:59,2,,,,"[{""bank_number"":"""",""bank_title"":""""}]",40782200.480000004,,0
130,NCC0129,1,,Công ty TNHH Kmart Việt Nam,,,,,,,,,,,,,,,0317542812,,,2,2024-08-28 15:00:11,2,,,,"[{""bank_number"":"""",""bank_title"":""""}]",72700001.83,,0
131,NCC0130,0,,Shop Thanh Xuân,,,,,,,,,,,,,,,,,,2,2024-09-12 14:10:49,2,,,,"[{""bank_number"":"""",""bank_title"":""""}]",2400000,,0
132,NCC0131,0,,Cửa hàng điện Thịnh Phát,,,,,,,,,,,,,,,,,,2,2024-09-26 08:48:33,2,,,,"[{""bank_number"":"""",""bank_title"":""""}]",3936999.78,,0
133,NCC0132,0,,Cửa hàng phụ kiện di động Thịnh Phát,,,,,,,,,,,,,,,,,,2,2024-09-27 08:31:29,2,,,,"[{""bank_number"":"""",""bank_title"":""""}]",900000,,0
134,NCC0133,0,,Phùng Thị Bích Nhung,,,,,,,,,,,,,,,,,,2,2024-10-02 09:38:58,2,,,,"[{""bank_number"":"""",""bank_title"":""""}]",4000000,,0
135,NCC0134,0,,Cửa hàng Ván Gỗ Quang Minh,,,,,,,,,,,,,,,,,,2,2024-10-04 09:22:10,2,,,,"[{""bank_number"":"""",""bank_title"":""""}]",2467500,,0
136,NCC0135,1,,Công ty TNHH Vải Bạt Nhựa Han Nam,,,,,,,,,,,,,,,,,,2,2024-10-04 11:26:01,2,,,,"[{""bank_number"":"""",""bank_title"":""""}]",29661119.86,,0
137,NCC0136,1,,Công ty TNHH Dexeta,,,,,,,,,,,,,,,'0318431872,,,2,2024-10-07 16:25:17,2,,,,"[{""bank_number"":"""",""bank_title"":""""}]",54533374,,0
138,NCC0137,0,,Nguyễn Thị Thủy,,,,,,,,,,,,,,,,,,2,2024-10-11 13:40:45,2,,,,"[{""bank_number"":"""",""bank_title"":""""}]",13750000,,0
139,NCC0138,1,,Công ty TNHH TM và DV Hoa Tươi Minh Minh (Hoa Hải Đường),,,,,,,,,,,,,,,,,,2,2024-10-18 14:35:13,2,,,,"[{""bank_number"":"""",""bank_title"":""""}]",961275600,,0
140,NCC0139,1,,CÔNG TY TNHH TM DV XNK DC FLOWERS (Hoa Khánh Quang),,,,,,,,,,,,,,,,,,2,2024-10-18 14:35:35,2,,,,"[{""bank_number"":"""",""bank_title"":""""}]",3714504477,,0
141,NCC0140,1,,Gia Định group (Shop Trinh),,,,,,,,,,,,,,,,,,2,2024-10-18 14:57:45,2,,,,"[{""bank_number"":"""",""bank_title"":""""}]",66100000,,0
142,NCC0141,1,,Công ty cổ phần Thế Giới Di Động,,,,,,,,,,,,,,,,,,2,2024-10-21 15:32:03,2,,,,"[{""bank_number"":"""",""bank_title"":""""}]",,,0
143,NCC0142,0,,Anh Duy Cáo Phó,,,,,,,,,,,,,,,,,,2,2024-10-22 16:17:43,2,,,,"[{""bank_number"":"""",""bank_title"":""""}]",456893456.45,,0
144,NCC0143,0,,Ngô Hoàng Nam,,,,,,,,,,,,,,,,,,2,2024-10-24 10:54:08,2,,,,"[{""bank_number"":"""",""bank_title"":""""}]",2500000,,0
145,NCC0144,1,,Công ty cổ phần thương mại Nguyễn Kim,,,,1163,,,,,18006800,NKare@nguyenkim.com,,,,,,,,2,2024-11-04 14:30:15,2,,,,"[{""bank_number"":"""",""bank_title"":""""}]",2450000,,0
146,NCC0145,1,,Cửa hàng Trang Trí Nội Thất Yến Bình Minh,,,,,,,,,,,,,,,,,,2,2024-11-04 16:02:50,2,,,,"[{""bank_number"":"""",""bank_title"":""""}]",23000000,,0
147,NCC0146,1,,Công Ty TNHH MTV TM DV Difachi,,,,"886,953,954,880,881,952",,,,,,,,,,,,,,2,2024-11-04 16:47:01,2,,,,"[{""bank_number"":"""",""bank_title"":""""}]",158854255.19,,0
148,NCC0147,1,,Công ty TNHH TM In Ấn Việt,,,,"873,872",,,,,,,,,,,,,,2,2024-11-06 15:47:30,2,,,,"[{""bank_number"":""060083307008"",""bank_title"":""39""}]",,,0
149,NCC0148,1,,CÔNG TY TNHH SONG NAM MỘC,,,,,,,,,0906751314,aquazone.officialstore@gmail.com,,,,,,,,2,2024-11-09 11:04:02,2,,,,"[{""bank_number"":"""",""bank_title"":""""}]",3603999.55,,0
150,NCC0149,1,,CÔNG TY TNHH VND DECOR,,,,,,,,,0977755502,,,,,,,,,2,2024-11-09 11:22:10,2,,,,"[{""bank_number"":"""",""bank_title"":""""}]",4226200,,0
151,NCC0150,1,,CÔNG TY TNHH SẢN XUẤT CƠ KHÍ XÂY DỰNG AN PHÚ,,,,,,,,,0913805577,,,,,,0310578866,,,2,2024-11-11 10:25:14,2,,,,"[{""bank_number"":"""",""bank_title"":""""}]",376931199.4,,0
152,NCC0151,1,,CÔNG TY TNHH THIẾT BỊ TRƯỜNG QUAY EDUTV VIỆT NAM,,,,,,,,,0862606361,hllightingvn@gmail.com,,,,,0106667650,,,2,2024-11-11 10:27:07,2,,,,"[{""bank_number"":"""",""bank_title"":""""}]",11646600,,0
153,NCC0152,0,,Lazada,,,,,,,,,,,,,,,,,,2,2024-11-13 10:30:00,2,,,,"[{""bank_number"":"""",""bank_title"":""""}]",,,0
154,NCC0153,1,,CÔNG TY CỔ PHẦN SẢN XUẤT - THƯƠNG MẠI - NHỰA HIỆP THÀNH,,,,,,,,,0389081595,,,,,,0301343138,,,2,2024-11-13 10:56:04,2,,,,"[{""bank_number"":"""",""bank_title"":""""}]",44280040.95,,0
155,NCC0154,0,,Xưởng Nguyên Phát,,,,,,,,,0919979444,,,,,,,,,2,2024-11-15 10:21:23,2,,,,"[{""bank_number"":"""",""bank_title"":""""}]",20595000,,0
158,NCC0155,1,,CÔNG TY TNHH MTV THƯƠNG MẠI KẾT NỐI TIÊU DÙNG,,,,,,,,,0933075786,ketnoitieudung@gmail.com,,,,,0311904294,,,2,2024-11-18 11:46:24,2,,,,"[{""bank_number"":"""",""bank_title"":""""}]",19027200,,0
161,NCC0156,0,,Y Tế Gia Đình,,,,,,,,,0559677530,,,,,,,,,38,2024-11-27 15:22:06,38,,,,"[{""bank_number"":"""",""bank_title"":""""}]",10710000,,0
164,NCC0157,1,,Công ty TNHH Thương Mại Dịch Vụ Nước Uống Lê Trần,,,,,,,,,,,,,,,,,,2,2024-11-29 10:27:13,2,,,,"[{""bank_number"":"""",""bank_title"":""""}]",60354999.32999999,,0
166,NCC0158,1,,CÔNG TY TNHH ĐIỆN LẠNH CPL,,,,,,,,,0903699509,,,,,,0317269747,,,38,2024-12-02 10:47:42,38,,,,"[{""bank_number"":"""",""bank_title"":""""}]",4462600.01,,0
169,NCC0159,0,,Tiktok,,,,,,,,,,,,,,,,,,38,2024-12-02 14:43:12,38,,,,"[{""bank_number"":"""",""bank_title"":""""}]",9368759.9,,0
172,NCC0160,1,,CÔNG TY TNHH INOX ÁNH SAO,,,,,,,,,0908789558,,,,,,0313859720,,,38,2024-12-04 15:33:12,38,,,,"[{""bank_number"":"""",""bank_title"":""""}]",210848000,,0
175,NCC0161,1,,CÔNG TY CỔ PHẦN ĐẦU TƯ QUỐC TẾ HIMARKET,,,,,,,,,0888571179,,,,,,0314608832,,,38,2024-12-05 14:18:10,38,,,,"[{""bank_number"":"""",""bank_title"":""""}]",,,0
178,NCC0162,1,,CÔNG TY CỔ PHẦN THẾ GIỚI THIẾT BỊ CÔNG NGHIỆP MINH TRIẾT,,,,,,,,,0938880628,,,,,,0315311351,,,38,2024-12-12 13:46:37,38,,,,"[{""bank_number"":"""",""bank_title"":""""}]",1538000,,0
181,NCC0163,1,,CÔNG TY TNHH NỘI THẤT ĐẠI NGÂN,,,,,,,,,0963721931,,,,,,0318079481,,,38,2024-12-13 15:39:34,38,,,,"[{""bank_number"":"""",""bank_title"":""""}]",33846000,,0
184,NCC0164,1,,CÔNG TY CỔ PHẦN KITAWA,,,,,,,,,0943999539,,,,,,0314444870,,,38,2024-12-14 11:41:56,38,,,,"[{""bank_number"":"""",""bank_title"":""""}]",,,0
187,NCC0165,1,,CÔNG TY CỔ PHẦN BKACO TRADING,,,,,,,,,,,,,,,0317371677,,,38,2024-12-14 12:06:37,38,,,,"[{""bank_number"":"""",""bank_title"":""""}]",3608000,,0
190,NCC0166,1,,Công ty Cổ Phần Thực Mỹ Phẩm Organicherbs,,,,,,,,,,,,,,,,,,2,2024-12-16 15:14:09,2,,,,"[{""bank_number"":"""",""bank_title"":""""}]",304853230,,0
193,NCC0167,1,,CÔNG TY TNHH AN AN DECOR,,,,,,,,,0826227227,,,,,,0318286696,,,38,2024-12-18 11:17:08,38,,,,"[{""bank_number"":"""",""bank_title"":""""}]",12522800,,0
196,NCC0168,1,,CÔNG TY TNHH THƯƠNG MẠI SẢN XUẤT ĐIỆN TỬ EDISUN,,,,,,,,,0898151516,,,,,,0311893740,,,38,2024-12-18 14:25:19,38,,,,"[{""bank_number"":"""",""bank_title"":""""}]",2891000,,0
199,NCC0169,1,,Công ty TNHH Việt Đông Phong,,,,,,,,,,,,,,,,,,2,2024-12-18 14:31:43,2,,,,"[{""bank_number"":"""",""bank_title"":""""}]",3510000,,0
202,NCC0170,1,,Công ty Cổ Phần Bao Bì Giấy Tuấn Tú,,,,,,,,,,,,,,,,,,2,2024-12-18 14:32:31,2,,,,"[{""bank_number"":"""",""bank_title"":""""}]",26176608,,0
205,NCC0171,1,,Công ty TNHH Công Nghệ Môi Trường VN-ECO,,,,,,,,,,,,,,,,,,2,2024-12-18 14:48:16,2,,,,"[{""bank_number"":"""",""bank_title"":""""}]",13500000.25,,0
208,NCC0172,0,,Namy Shop,,,,,,,,,,,,,,,,,,2,2024-12-18 17:05:35,2,,,,"[{""bank_number"":"""",""bank_title"":""""}]",6660000,,0
211,NCC0173,1,,Công ty TNHH Sản Xuất XNK Đại Dương,,,,,,,,,,,,,,,,,,2,2024-12-23 14:11:28,2,,,,"[{""bank_number"":"""",""bank_title"":""""}]",1150200,,0
214,NCC0174,1,,CÔNG TY TNHH TM NGÔ HOÀNG,,,,,,,,,,,,,,,0316458371,,,38,2024-12-24 10:59:34,38,,,,"[{""bank_number"":"""",""bank_title"":""""}]",113100000.6,,0
217,NCC0175,1,,Công ty TNHH Thương Mại Sản Xuất Cơ Khí Hoàng My,,,,,,,,,,,,,,,,,,2,2024-12-24 13:47:09,2,,,,"[{""bank_number"":"""",""bank_title"":""""}]",48492000,,0
220,NCC0176,1,,ĐỊA ĐIỂM KINH DOANH CÔNG TY TNHH THƯƠNG MẠI VÀ DỊCH VỤ KỸ THUẬT DIỆU PHÚC - CỬA HÀNG CELLPHONES,,,,,,,,,,,,,,,0316172372-002,,,38,2024-12-24 14:32:10,38,,,,"[{""bank_number"":"""",""bank_title"":""""}]",4490000,,0
223,NCC0177,1,,CÔNG TY TNHH DECORNOW,,,,,,,,,0328889398,,,,,,0317210408,,,38,2024-12-24 16:17:02,38,,,,"[{""bank_number"":"""",""bank_title"":""""}]",6215000,,0
226,NCC0178,1,,CÔNG TY CỔ PHẦN CÔNG NGHỆ MAXBUY VIỆT NAM,,,,,,,,,0912618022,,,,,,0105011993,,,38,2024-12-26 11:59:49,38,,,,"[{""bank_number"":"""",""bank_title"":""""}]",2750000,,0
229,NCC0179,1,,CÔNG TY TNHH ĐỒNG SƠN,,,,,,,,,,,Đường số 9 Khu CN Nhơn Trạch II,,,,3700626207,,,2,2024-12-27 11:16:51,2,,,,"[{""bank_number"":"""",""bank_title"":""""}]",1019499586.0799999,,0
231,NCC0180,1,,CÔNG TY TNHH SX TM DV QUẢNG CÁO THI ĐẠI PHÁT,,,,,,,,,,,,,,,0317185007,,,38,2025-01-02 13:35:55,38,,,,"[{""bank_number"":"""",""bank_title"":""""}]",37314000,,0
234,NCC0181,1,,CÔNG TY TNHH THƯƠNG MẠI DỊCH VỤ TIN HỌC NAVITECH,,,,,,,,,0911494208,nguyen@navitech.co,"229/48 Tây Thạnh, Phường Tây Thạnh, Thành phố Hồ Chí Minh, Việt Nam",,,,0310730359,,,38,2025-01-03 14:16:29,38,,,,"[{""bank_number"":""68788386"",""bank_title"":""33""}]",8762250,,0
236,NCC0182,1,,CÔNG TY TNHH SẢN XUẤT THƯƠNG MẠI ĐẦU TƯ THẾ GIỚI MỚI,,,,,,,,,0933900989,,,,,,0310598397,,,38,2025-01-03 17:59:27,38,,,,"[{""bank_number"":"""",""bank_title"":""""}]",1005000,,0
238,NCC0183,1,,CÔNG TY TNHH HẠNH TECH,,,,,,,,,0909083420,,,,,,0318274531,,,38,2025-01-04 11:58:28,38,,,,"[{""bank_number"":"""",""bank_title"":""""}]",,,0
240,NCC0184,1,,CÔNG TY TNHH VÕNG DUY PHƯƠNG (BIOCARE CENTER),,,,,,,,,,,,,,,1101877215,,,38,2025-01-06 09:17:24,38,,,,"[{""bank_number"":"""",""bank_title"":""""}]",24750000,,0
242,NCC0185,1,,CÔNG TY TNHH ĐẦU TƯ CÔNG NGHỆ HOÀNG QUÂN,,,,,,,,,0938847070,,,,,,0313946740,,,38,2025-01-08 15:00:58,38,,,,"[{""bank_number"":"""",""bank_title"":""""}]",2190000,,0
244,NCC0186,1,,CÔNG TY TNHH SẢN XUẤT THƯƠNG MẠI DỊCH VỤ SƠN BĂNG,,,,,,,,,0976101851,,,,,,0309264223,,,38,2025-01-08 15:09:32,38,,,,"[{""bank_number"":"""",""bank_title"":""""}]",26836160,,0
246,NCC0187,1,,CHI NHÁNH CÔNG TY TNHH CAO PHONG TẠI LINH TRUNG - SIÊU THỊ ĐIỆN MÁY NỘI THẤT CHỢ LỚN,,,,,,,,,,,,,,,0302309845-067,,,38,2025-01-08 15:14:02,38,,,,"[{""bank_number"":"""",""bank_title"":""""}]",,,0
248,NCC0188,1,,CÔNG TY TNHH CÔNG NGHỆ HOTGEAR,,,,,,,,,0946700006,,,,,,0315782008,,,38,2025-01-15 14:37:36,38,,,,"[{""bank_number"":"""",""bank_title"":""""}]",,,0
252,NCC0189,1,,CÔNG TY TNHH DỊCH VỤ VẬN TẢI PHƯƠNG NGÂN,,,,"654,655,1389",,,,,0982100858,,,,,,0312252700,,,38,2025-01-20 15:04:28,38,,,,"[{""bank_number"":"""",""bank_title"":""""}]",250020000,,0
255,NCC0190,0,,Kho Giá Sỉ,,,,,,,,,0896471753,,,,,,,,,38,2025-01-22 11:30:10,38,,,,"[{""bank_number"":"""",""bank_title"":""""}]",3740000,,0
258,NCC0191,0,,Nhà cung cấp lẻ,,,,,,,,,,,,,,,,,,38,2025-01-23 14:10:31,38,,,,"[{""bank_number"":"""",""bank_title"":""""}]",1200000,,0
261,NCC0192,0,,Thầy An Nhiên,,,,,,,,,,,,,,,,,,38,2025-02-04 15:35:25,38,,,,"[{""bank_number"":"""",""bank_title"":""""}]",226222202,,0
264,NCC0193,1,,CÔNG TY TNHH THƯƠNG MẠI DỊCH VỤ HIẾU AN,,,,,,,,,,,,,,,0316545747,,,38,2025-02-05 16:08:20,38,,,,"[{""bank_number"":"""",""bank_title"":""""}]",99522000,,0
267,NCC0194,1,,CÔNG TY TNHH SẢN XUẤT VÀ PHÁT TRIỂN THƯƠNG MẠI XUẤT NHẬP KHẨU VŨ GIA,,,,,,,,,,,,,,,0315366953,,,38,2025-02-06 14:31:40,38,,,,"[{""bank_number"":"""",""bank_title"":""""}]",814250690.9499998,,0
270,NCC0195,0,,Nhạc Hiếu (nhạc Bắc) - HCM - Nguyễn Viết Thuyết,,,,,,,,,,,,,,,,,,38,2025-02-07 16:48:07,38,,,,"[{""bank_number"":"""",""bank_title"":""""}]",79777773,,0
273,NCC0196,1,,CÔNG TY TNHH SẢN XUẤT DỊCH VỤ TRUYỀN THÔNG TRỌNG KIỂM (QP-CP Khánh Lê),,,,,,,,,,,,,,,0315840242,,,38,2025-02-08 10:41:48,38,,,,"[{""bank_number"":"""",""bank_title"":""""}]",65880000,,0
276,NCC0197,1,,CÔNG TY TNHH TỔ CHỨC SỰ KIỆN SO EVENTS,,,,,,,,,,,,,,,0318495724,,,38,2025-02-10 09:57:27,38,,,,"[{""bank_number"":"""",""bank_title"":""""}]",88560000,,0
279,NCC0198,0,,LÊ QUỐC CƯỜNG,,,,,,,,,,,,,,,,,,38,2025-02-10 17:22:27,38,,,,"[{""bank_number"":"""",""bank_title"":""""}]",964257816.83,,0
282,NCC0199,1,,CÔNG TY CỔ PHẦN QUẢN LÝ VÀ VẬN HÀNH CAO ỐC KHÁNH HỘI,,,,,,,,,,,,,,,0310341786,,,38,2025-02-12 09:37:17,38,,,,"[{""bank_number"":"""",""bank_title"":""""}]",14764680,,0
285,NCC0200,1,,CÔNG TY TNHH THƯƠNG MẠI DỊCH VỤ QB VINA ( Hoa Lan viếng - DIỆU ÁI),,,,,,,,,,,,,,,0317837686,,,38,2025-02-12 14:26:21,38,,,,"[{""bank_number"":"""",""bank_title"":""""}]",28139400,,0
288,NCC0201,1,,CÔNG TY TNHH CÔNG NGHỆ HDRADIO VIỆT NAM,,,,,,,,,0939899468,chi nhánh quận 7,,,,,0106055312,,,38,2025-02-12 15:38:23,38,,,,"[{""bank_number"":"""",""bank_title"":""""}]",1100000,,0
291,NCC0202,1,,CÔNG TY CỔ PHẦN QUÀ TẶNG VUÔNG TRÒN,,,,873,,,,,0979187030,,,,,,0318621055,,,38,2025-02-13 14:04:21,38,,,,"[{""bank_number"":"""",""bank_title"":""""}]",30000000,,0
294,NCC0203,1,,CÔNG TY TNHH GREEN LEAF TECH,,,,,,,,,02839621368,,,,,,0317602349,,,38,2025-02-17 09:29:47,38,,,,"[{""bank_number"":"""",""bank_title"":""""}]",6550000,,0
297,NCC0204,0,,Rạp bàn ghế - Cô Nguyệt,,,,,,,,,,,,,,,,,,38,2025-02-17 16:48:06,38,,,,"[{""bank_number"":"""",""bank_title"":""""}]",7900000,,0
300,NCC0205,1,,CÔNG TY TNHH THƯƠNG MẠI & DỊCH VỤ ANH PHÚ THỊNH (TRẦN HẠNH),,,,,,,,,,,,,,,3703283452,,,38,2025-02-17 17:04:11,38,,,,"[{""bank_number"":"""",""bank_title"":""""}]",5616000,,0
303,NCC0206,1,,CÔNG TY TNHH DỊCH VỤ VẬN TẢI LIÊN MINH SÀI GÒN,,,,,,,,,,,,,,,0312195467,,,38,2025-02-18 11:40:08,38,,,,"[{""bank_number"":"""",""bank_title"":""""}]",15876000,,0
306,NCC0207,1,,CÔNG TY CỔ PHẦN NAM DƯƠNG THỊNH,,,,,,,,,0395399909,,,,,,0314895009,,,38,2025-02-19 15:57:55,38,,,,"[{""bank_number"":"""",""bank_title"":""""}]",10472000.21,,0
309,NCC0208,1,,CÔNG TY CỔ PHẦN  CHIẾU SÁNG TRẦN PHÚ,,,,,,,,,0968032238,,,,,,0107779621,,,38,2025-02-19 16:11:28,38,,,,"[{""bank_number"":""5599995659999"",""bank_title"":""33""}]",17351000,,0
312,NCC0209,0,,Kèn tây - Ánh Dương (Lê Hoàng Minh Nhật),,,,,,,,,,,,,,,,,,38,2025-02-20 14:12:18,38,,,,"[{""bank_number"":"""",""bank_title"":""""}]",2240000,,0
315,NCC0210,1,,CÔNG TY TNHH DỊCH VỤ VẬN TẢI HÀNH KHÁCH LÂM GIA BẢO (XE KHÁCH BÌNH MINH),,,,,,,,,,,,,,,0318345126,,,38,2025-02-20 14:19:08,38,,,,"[{""bank_number"":"""",""bank_title"":""""}]",561444002.38,,0
318,NCC0211,1,,CÔNG TY CỔ PHẦN ĐẦU TƯ XÂY DỰNG CHÁNH PHÚ HÒA (Hoa Viên Bình Dương),,,,,,,,,,,,,,,3700697127,,,38,2025-02-21 09:57:37,38,,,,"[{""bank_number"":"""",""bank_title"":""""}]",26800000,,0
321,NCC0212,0,,Nhạc Hiếu (nhạc Nam) - HCM - Anh Sáu,,,,,,,,,,,,,,,,,,38,2025-02-21 10:20:44,38,,,,"[{""bank_number"":"""",""bank_title"":""""}]",79033331,,0
327,NCC0214,1,,CÔNG TY TNHH LONG KHÊ (Lò Thiêu - Gò Đen),,,,,,,,,,,,,,,1100592834,,,38,2025-02-21 11:08:13,38,,,,"[{""bank_number"":"""",""bank_title"":""""}]",3520000,,0
330,NCC0215,1,,CÔNG TY TNHH THƯƠNG MẠI DỊCH VỤ THIỆN DUYÊN,,,,,,,,,,,,,,,0312585717,,,38,2025-02-21 11:15:47,38,,,,"[{""bank_number"":"""",""bank_title"":""""}]",8154000,,0
333,NCC0216,1,,CÔNG TY TNHH MỘT THÀNH VIÊN DỊCH VỤ VẬN CHUYỂN 115 NHÂN TÂM (XE WECARE),,,,,,,,,,,,,,,4300835409,,,38,2025-02-21 11:21:22,38,,,,"[{""bank_number"":"""",""bank_title"":""""}]",181827500,,0
336,NCC0217,1,,CÔNG TY TNHH GIẢI PHÁP AN NINH VÕ LÂM VỊNH XUÂN - SERIOUS SECURITY SOLUTIONS LIMITED,,,,,,,,,,,,,,,0318445089,,,38,2025-02-21 16:59:19,38,,,,"[{""bank_number"":"""",""bank_title"":""""}]",51880840,,0
339,NCC0218,0,,Di ảnh - Chấn Minh,,,,,,,,,,,,,,,,,,38,2025-02-26 11:36:03,38,,,,"[{""bank_number"":"""",""bank_title"":""""}]",50000,,0
340,NCC0219,0,,Hũ/ Quách - Anh Sa,,,,,,,,,,,,,,,,,,38,2025-02-26 11:48:51,38,,,,"[{""bank_number"":"""",""bank_title"":""""}]",18672000,,0
341,NCC0220,0,,"Kèn Tây - Củ Chi, Bình Chánh - Anh Kim",,,,,,,,,,,,,,,,,,38,2025-02-26 14:12:41,38,,,,"[{""bank_number"":"""",""bank_title"":""""}]",2500000,,0
342,NCC0221,0,,Đá Khô - Chú Chín,,,,,,,,,,,,,,,,,,38,2025-02-26 14:35:33,38,,,,"[{""bank_number"":"""",""bank_title"":""""}]",61700000,,0
344,NCC0222,0,,"Rạp, bàn ghế - Quận 12 - Anh Tiến",,,,,,,,,,,,,,,,,,38,2025-02-27 10:53:07,38,,,,"[{""bank_number"":"""",""bank_title"":""""}]",4680000,,0
346,NCC0223,1,,HỘ KINH DOANH YẾN BÌNH MINH (Vạn Phúc),,,,,,,,,,,,,,,3600954211,,,38,2025-02-27 16:12:50,38,,,,"[{""bank_number"":"""",""bank_title"":""""}]",294300001.03999996,,0
348,NCC0224,0,,XE RỒNG/XE PHẬT - XUÂN TRƯỜNG,,,,,,,,,,,,,,,,,,38,2025-03-03 15:53:15,38,,,,"[{""bank_number"":"""",""bank_title"":""""}]",991466524,,0
351,NCC0225,1,,CÔNG TY TNHH THƯƠNG MẠI VÀ DỊCH VỤ HOA TƯƠI PHƯƠNG VŨ (HOA MẪN ĐẠT),,,,,,,,,,,,,,,0318237850,,,38,2025-03-04 17:55:17,38,,,,"[{""bank_number"":"""",""bank_title"":""""}]",595393200,,0
354,NCC0226,0,,"Rạp, bàn ghế - Nguyễn Tiến Đạt",,,,,,,,,,,,,,,,,,38,2025-03-06 12:16:24,38,,,,"[{""bank_number"":"""",""bank_title"":""""}]",341744236.1,,0
357,NCC0227,1,,CÔNG TY TNHH THƯƠNG MẠI VÀ DỊCH VỤ VẬN THỊNH (Xe Cứu Thương Đà Lạt),,,,,,,,,,,,,,,5800452692,,,38,2025-03-06 13:58:32,38,,,,"[{""bank_number"":"""",""bank_title"":""""}]",4500000,,0
358,NCC0228,0,,Áo sơ mi đen size lớn - ÂN NGUYỄN,,,,,,,,,0899979757,,,,,,,,,38,2025-03-07 09:26:21,38,,,,"[{""bank_number"":"""",""bank_title"":""""}]",1430000,,0
361,NCC0229,0,,Tiêm Focmol - ANH MINH,,,,,,,,,,,,,,,,,,38,2025-03-07 16:59:47,38,,,,"[{""bank_number"":"""",""bank_title"":""""}]",16000000,,0
364,NCC0230,1,,CÔNG TY TNHH XCOM,,,,,,,,,0763600666,,,,,,0315377786,,,38,2025-03-11 11:14:24,38,,,,"[{""bank_number"":"""",""bank_title"":""""}]",104868000,,0
367,NCC0231,0,,Tô Hoa Xuyên - Nến Điện,,,,,,,,,0932139904,,,,,,,,,38,2025-03-12 14:57:30,38,,,,"[{""bank_number"":"""",""bank_title"":""""}]",6000000.02,,0
368,NCC0232,0,,Thanh Gỗ Tròn,,,,,,,,,0942493936,,,,,,,,,38,2025-03-13 12:01:38,38,,,,"[{""bank_number"":"""",""bank_title"":""""}]",,,0
371,NCC0233,0,,Kèn Tây - Vũng Tàu (Anh Hòa),,,,,,,,,,,,,,,,,,38,2025-03-17 10:35:07,38,,,,"[{""bank_number"":"""",""bank_title"":""""}]",4400000,,0
374,NCC0234,0,,Nhạc hiếu - Đồng Nai (anh Dũng),,,,,,,,,,,,,,,,,,38,2025-03-17 11:49:18,38,,,,"[{""bank_number"":"""",""bank_title"":""""}]",10800000,,0
377,NCC0235,0,,"Kèn Tây - Biên Hòa, Đồng Nai (Anh Dũng)",,,,,,,,,,,,,,,,,,38,2025-03-17 15:49:48,38,,,,"[{""bank_number"":"""",""bank_title"":""""}]",322222190,,0
383,NCC0236,1,,CÔNG TY TNHH  XUẤT NHẬP KHẨU CƯỜNG THỊNH (Thảm Bali - TuMin Shop - Facebook),,,,,,,,,,,,,,,0500553299,,,38,2025-03-18 09:54:33,38,,,,"[{""bank_number"":"""",""bank_title"":""""}]",25272000,,0
386,NCC0238,1,,CÔNG TY TNHH THƯƠNG MẠI VÀ DỊCH VỤ TÂM THÀNH LỘC (Xe Khách - Vũng Tàu),,,,,,,,,,,,,,,3502272186,,,38,2025-03-18 10:10:35,38,,,,"[{""bank_number"":"""",""bank_title"":""""}]",2376000,,0
389,NCC0239,1,,CÔNG TY TNHH THƯƠNG MẠI DU LỊCH SÀI GÒN VIỆT (Trại Hòm - Vũng Tàu),,,,,,,,,,,,,,,0309529871,,,38,2025-03-18 10:14:41,38,,,,"[{""bank_number"":"""",""bank_title"":""""}]",16068888,,0
392,NCC0240,1,,CÔNG TY TNHH SẢN XUẤT THƯƠNG MẠI DỊCH VỤ KING HOUSE,,,,,,,,,0917777987,,,,,,0316816210 ,,,38,2025-03-18 11:27:43,38,,,,"[{""bank_number"":""65656789"",""bank_title"":""26""}]",19790002,,0
395,NCC0241,1,,CÔNG TY TRÁCH NHIỆM HỮU HẠN THƯƠNG MẠI VÀ DỊCH VỤ HOÀNG ĐỨC HẢI,,,,,,,,,0931065519,,,,,,0310676101,,,38,2025-03-18 11:35:12,38,,,,"[{""bank_number"":"""",""bank_title"":""""}]",21600000.65,,0
398,NCC0242,1,,CÔNG TY TNHH PEACE HOUSE VŨNG TÀU,,,,,,,,,,,,,,,3502524588,,,38,2025-03-19 09:33:01,38,,,,"[{""bank_number"":"""",""bank_title"":""""}]",1200000,,0
401,NCC0243,1,,CÔNG TY TNHH THƯƠNG MẠI AKIRA,,,,,,,,,,,,,,,0107626914,,,38,2025-03-20 10:12:44,38,,,,"[{""bank_number"":"""",""bank_title"":""""}]",,,0
404,NCC0244,1,,CÔNG TY TNHH TM DV LÝ GIA THÀNH (Xe khách Đồng Nai cty Bảo Bảo Gia),,,,,,,,,,,,,,,3603901754,,,38,2025-03-20 13:57:46,38,,,,"[{""bank_number"":"""",""bank_title"":""""}]",12420000,,0
407,NCC0245,1,,"CÔNG TY TNHH VNL HOLDING (Rạp, bàn ghế - Phúc Du)",,,,,,,,,,,,,,,0318039418,,,38,2025-03-20 14:25:16,38,,,,"[{""bank_number"":"""",""bank_title"":""""}]",99640800,,0
410,NCC0246,1,,CÔNG TY CỔ PHẦN MẠNG TRỰC TUYẾN META,,,,,,,,,,,,,,,0106366653,,,38,2025-03-24 10:27:16,38,,,,"[{""bank_number"":"""",""bank_title"":""""}]",8920000,,0
413,NCC0247,1,,HỢP TÁC XÃ DỊCH VỤ DU LỊCH VẬN TẢI BÌNH MINH (XE KHÁCH BÌNH MINH),,,,,,,,,,,,,,,0311625205,,,38,2025-03-26 16:21:03,38,,,,"[{""bank_number"":"""",""bank_title"":""""}]",20412000,,0
416,NCC0248,1,,CÔNG TY TNHH NCT VIỆT NHẬT,,,,,,,,,0911199116,,,,,,0317963497,,,38,2025-03-28 10:45:01,38,,,,"[{""bank_number"":"""",""bank_title"":""""}]",115676000,,0
419,NCC0249,1,,CÔNG TY TNHH THẢM CỎ NHÂN TẠO MIỀN NAM,,,,,,,,,,,,,,,0318294898,,,38,2025-04-04 14:32:22,38,,,,"[{""bank_number"":"""",""bank_title"":""""}]",8532000,,0
420,NCC0250,1,,CÔNG TY CỔ PHẦN XÂY DỰNG VÀ ĐIỆN TỬ SƠN TÙNG,,,,,,,,,,,,,,,0303295144,,,38,2025-04-10 11:31:19,38,,,,"[{""bank_number"":"""",""bank_title"":""""}]",,,0
423,NCC0251,1,,CÔNG TY TNHH THÀNH DANH LỘC,,,,,,,,,0913119845,,,,,,0312968170,,,38,2025-04-10 16:37:12,38,,,,"[{""bank_number"":"""",""bank_title"":""""}]",28875000,,0
426,NCC0252,1,,"CHI NHÁNH HỢP TÁC XÃ THƯƠNG MẠI, VẬN TẢI VÀ DỊCH VỤ DU LỊCH SACO",,,,,,,,,,,,,,,0314473832-001,,,38,2025-04-11 10:46:22,38,,,,"[{""bank_number"":"""",""bank_title"":""""}]",12120000,,0
429,NCC0253,1,,CÔNG TY CỔ PHẦN MÔI TRƯỜNG SONADEZI (Lò Thiêu Tp.Biên Hòa),,,,,,,,,,,,,,,3600274914,,,38,2025-04-14 13:56:36,38,,,,"[{""bank_number"":"""",""bank_title"":""""}]",15100000,,0
432,NCC0254,1,,CÔNG TY TNHH NHỰA CÔNG - NÔNG NGHIỆP VĂN MINH,,,,,,,,,0337111499,,,,,,0317843168,,,38,2025-04-16 16:13:35,38,,,,"[{""bank_number"":"""",""bank_title"":""""}]",,,0
433,NCC0255,1,,CÔNG TY TNHH SẢN XUẤT - THƯƠNG MẠI - QUẢNG CÁO DÙ MINH THÀNH,,,,,,,,,,,,,,,0302289211,,,38,2025-04-17 16:36:51,38,,,,"[{""bank_number"":"""",""bank_title"":""""}]",,,0
436,NCC0256,1,,CÔNG TY TNHH MARINA TRAVEL,,,,,,,,,,,,,,,3502453104,,,38,2025-04-18 09:38:31,38,,,,"[{""bank_number"":"""",""bank_title"":""""}]",75600000,,0
439,NCC0257,1,,CÔNG TY TNHH SẢN XUẤT THƯƠNG MẠI DÙ HÒA HỢP,,,,,,,,,,,,,,,0317160355,,,38,2025-04-18 14:29:12,38,,,,"[{""bank_number"":"""",""bank_title"":""""}]",,,0
442,NCC0258,1,,CÔNG TY TNHH NỘI THẤT A&Q,,,,,,,,,,,,,,,0110277621,,,38,2025-04-18 17:01:23,38,,,,"[{""bank_number"":"""",""bank_title"":""""}]",2473200,,0
445,NCC0259,1,,CÔNG TY TNHH SẢN XUẤT THƯƠNG MẠI DÙ VĨNH THUẬN,,,,,,,,,0909395569,,,,,,0318726266,,,38,2025-04-23 17:58:23,38,,,,"[{""bank_number"":"""",""bank_title"":""""}]",34020000,,0
449,NCC0260,1,,HỘ KINH DOANH GIÀY HỒNG THẠNH,,,,,,,,,0969335335,,,,,,0311223802,,,38,2025-04-25 16:34:32,38,,,,"[{""bank_number"":"""",""bank_title"":""""}]",24337500,,0
451,NCC0261,1,,CÔNG TY TNHH NẾN NGUYÊN QUANG TRUNG,,,,,,,,,0903955018,,,,,,0313577740,,,38,2025-04-28 10:40:09,38,,,,"[{""bank_number"":"""",""bank_title"":""""}]",10032000,,0
452,NCC0262,0,,Hoa Cúc Khô - Cô Hương,,,,,,,,,0939739204,,,,,,,,,38,2025-04-29 10:37:48,38,,,,"[{""bank_number"":"""",""bank_title"":""""}]",4216000,,0
454,NCC0263,1,,CÔNG TY TNHH TM - KT - DV NAM TIẾN ANH,,,,,,,,,,,,,,,0315304386,,,38,2025-05-06 17:03:51,38,,,,"[{""bank_number"":"""",""bank_title"":""""}]",14690000,,0
457,NCC0264,1,,CÔNG TY TNHH DỊCH VỤ BẢO VỆ - VỆ SĨ CHUYÊN NGHIỆP THẮNG LỢI,,,,,,,,,,,,,,,0315522553,,,38,2025-05-07 17:27:33,38,,,,"[{""bank_number"":"""",""bank_title"":""""}]",31606200,,0
459,NCC0265,0,,Kèn tây - Long An (Anh Phong),,,,,,,,,0918473827,,,,,,,,,38,2025-05-08 10:04:49,38,,,,"[{""bank_number"":"""",""bank_title"":""""}]",5500000,,0
462,NCC0266,1,,HỢP TÁC XÃ VẬN TẢI CƠ GIỚI SỐ 7,,,,,,,,,,,,,,,0313655050,,,38,2025-05-09 14:47:43,38,,,,"[{""bank_number"":"""",""bank_title"":""""}]",7776000,,0
465,NCC0267,1,,CÔNG TY TNHH VẬN CHUYỂN HÀNG HÓA T & T - CHI NHÁNH BÌNH PHƯỚC,,,,,,,,,,,,,,,1602173259-002,,,38,2025-05-09 14:48:18,38,,,,"[{""bank_number"":"""",""bank_title"":""""}]",13280000.28,,0
468,NCC0268,0,,Chụp hình/ Quay phim Khánh Lê ( Phạm Phú Quốc ),,,,,,,,,,,,,,,,,,38,2025-05-12 15:54:56,38,,,,"[{""bank_number"":"""",""bank_title"":""""}]",527912222,,0
474,NCC0270,1,,CÔNG TY CỔ PHẦN GIÁO DỤC ART FOR KIDS,,,,,,,,,,,,,,,0315553953,,,38,2025-05-14 12:31:27,38,,,,"[{""bank_number"":"""",""bank_title"":""""}]",3240000,,0
477,NCC0271,0,,NHANG THẢO DƯỢC - PHAN THÀNH VINH,,,,,,,,,,,,,,,,,,38,2025-05-15 09:03:12,38,,,,"[{""bank_number"":"""",""bank_title"":""""}]",205600000,,0
480,NCC0272,1,,CÔNG TY TNHH NÀNG GỖ,,,,,,,,,0949891004,,,,,,0315405320,,,38,2025-05-15 15:03:57,38,,,,"[{""bank_number"":"""",""bank_title"":""""}]",12432000,,0
483,NCC0273,0,,Ban nhạc hòa tấu - Nguyễn Anh Khoa,,,,,,,,,,,,,,,,,,38,2025-05-16 14:15:55,38,,,,"[{""bank_number"":"""",""bank_title"":""""}]",787250000,,0
486,NCC0274,1,,CÔNG TY TNHH QUẢN LÝ GREEN VIBES,,,,,,,,,,,,,,,0315283425,,,38,2025-05-20 10:08:56,38,,,,"[{""bank_number"":"""",""bank_title"":""""}]",110000001.88,,0
489,NCC0275,0,,Quạt Hơi Nước - Anh Tuấn,,,,,,,,,,,,,,,,,,38,2025-05-20 14:39:07,38,,,,"[{""bank_number"":"""",""bank_title"":""""}]",1200000,,0
492,NCC0276,1,,đức phương,,,,,,,,,0935686096,,,,,,0315898884,,,38,2025-05-20 15:16:31,38,,,,"[{""bank_number"":"""",""bank_title"":""""}]",23940000,,0
495,NCC0277,0,,Điện tử Tân Thịnh Phát,,,,,,,,,0938249257,,,,,,,,,38,2025-05-21 13:43:48,38,,,,"[{""bank_number"":"""",""bank_title"":""""}]",255000,,0
498,NCC0278,1,,CÔNG TY CỔ PHẦN THẾ GIỚI HOA TƯƠI,,,,,,,,,,,,,,,0304412326,,,38,2025-05-22 09:40:59,38,,,,"[{""bank_number"":"""",""bank_title"":""""}]",1253143440,,0
501,NCC0279,1,,CÔNG TY TNHH THƯƠNG MẠI ĐẦU TƯ AN VI,,,,,,,,,0906106313,,,,,,600 1754 339,,,38,2025-05-22 13:55:34,38,,,,"[{""bank_number"":""3383 7979"",""bank_title"":""""}]",4400000,,0
504,NCC0280,1,,CÔNG TY CỔ PHẦN THIÊN ÂN MÔN (Lò Thiêu Long An),,,,,,,,,,,,,,,0317726601,,,38,2025-05-23 15:56:57,38,,,,"[{""bank_number"":"""",""bank_title"":""""}]",21250000,,0
507,NCC0281,0,,Rạp bàn ghế Chị Phương Tiền Giang,,,,,,,,,,,,,,,,,,38,2025-05-23 17:16:47,38,,,,"[{""bank_number"":"""",""bank_title"":""""}]",3450000,,0
510,NCC0282,0,,Nước Lavie - Quận Gõ Vấp,,,,,,,,,,,,,,,,,,38,2025-05-26 10:12:35,38,,,,"[{""bank_number"":"""",""bank_title"":""""}]",16119999.88,,0
511,NCC0283,0,,VPP - Tâm Phát,,,,,,,,,0908877959,,,,,,,,,38,2025-05-30 10:41:16,38,,,,"[{""bank_number"":"""",""bank_title"":""""}]",1192000,,0
514,NCC0284,1,,CÔNG TY TNHH THIẾT BỊ Y TẾ ĐỨC PHƯƠNG,,,,,,,,,090362808,,,,,,,,,38,2025-06-02 18:54:43,38,,,,"[{""bank_number"":"""",""bank_title"":""""}]",77200000.2,,0
517,NCC0285,0,,Trần Thị Hà Lâm (Cô Lệ),,,,,,,,,0903153596,,,,,,,,,2,2025-06-04 11:21:28,2,,,,"[{""bank_number"":"""",""bank_title"":""""}]",3000000,,0
520,NCC0286,1,,Công ty TNHH Thương Mại Dịch Vụ Khung Tranh Cường Thịnh,,,,,,,,,,,,,,,,,,38,2025-06-05 09:00:03,38,,,,"[{""bank_number"":"""",""bank_title"":""""}]",133196400,,0
523,NCC0287,1,,CÔNG TY TNHH THƯƠNG MẠI DỊCH VỤ VẬN TẢI PHÚC NHI,,,,,,,,,,,,,,,0316981454,,,2,2025-06-09 10:22:15,2,,,,"[{""bank_number"":"""",""bank_title"":""""}]",311579460,,0
526,NCC0288,0,1,CỬA HÀNG KHOA TOPCARE - NGÔ ĐĂNG KHOA,,1988-08-13,2026-08-13,,,082088013501,2022-09-04,10373,0923236238,,236-238 Nguyễn Hoàng,,,,,,<br />,38,2025-06-09 16:05:49,38,,,,"[{""bank_number"":""007100637753"",""bank_title"":""46""}]",,,0
529,NCC0289,1,,CÔNG TY CỔ PHẦN  SẢN XUẤT NHỰA DUY TÂN,,,,,,,,,0902871766,buihoangquyen@duytan.com,298 Hồ Học Lãm ,,,,0306151768,2008-11-07,,38,2025-06-10 10:00:05,38,,,,"[{""bank_number"":""52561779"",""bank_title"":""18""}]",4614532,,0
532,NCC0290,1,,CÔNG TY TNHH THƯƠNG MẠI DỊCH VỤ SẢN XUẤT ĐỨC LỢI,,,,,,,,,0917974411,dakitavn@gmail.com,,,,,0314253192,2017-02-27,,38,2025-06-10 16:14:06,38,,,,"[{""bank_number"":""11112296"",""bank_title"":""18""}]",11019500.9,,0
538,NCC0292,1,,CÔNG TY TNHH MỘT THÀNH VIÊN THƯƠNG MẠI DỊCH VỤ Ô TÔ HOÀNG KIM,,,,,,,,,0909809371,,,,,,0310896509,,,38,2025-06-12 16:12:15,38,,,,"[{""bank_number"":""108925649"",""bank_title"":""18""}]",3069000,,0
541,NCC0293,1,,CÔNG TY TNHH GREEN COUNTRY,,,,,,,,,,truc.ngo@greencountry.vn,"tầng 1, tòa nhà Green Country, số 01, đường 81",,,,0311491576,,,38,2025-06-13 14:10:37,38,,,,"[{""bank_number"":""0071000958708"",""bank_title"":""46""}]",,,0
544,NCC0294,1,,CÔNG TY TNHH TRÁI CÂY XUÂN TRANG,,,,,,,,,,,,,,,3801291099,,,2,2025-06-19 14:07:05,2,,,,"[{""bank_number"":"""",""bank_title"":""""}]",1771000,,0
547,NCC0295,1,,CÔNG TY TNHH MỘT THÀNH VIÊN NHÂN PHÁT,,,,,,,,,,,,,,,0309885372,,,2,2025-06-24 09:13:49,2,,,,"[{""bank_number"":"""",""bank_title"":""""}]",43343879.8,,0
550,NCC0296,0,,Phạm Hồng Tường Vi,,,,,,,,,,,,,,,,,,2,2025-06-27 16:39:46,2,,,,"[{""bank_number"":"""",""bank_title"":""""}]",110000000,,0
553,NCC0297,1,,CÔNG TY TNHH DỊCH VỤ BẢO VỆ KIM LONG,,,,,,,,,,,"748 An Dương Vương, Phường 13, Quận 6, Tp. Hồ Chí Minh",NGUYỄN DUY KHANH--,,,0305161749,,,38,2025-07-02 10:38:04,38,NGUYỄN DUY KHANH,Giám Đốc,,"[{""bank_number"":""30022679"",""bank_title"":""18""}]",13759200,,0
556,NCC0298,1,,CÔNG TY TNHH TM-DV THIỆN KIẾN,,,,,,,,,,,,,,,,,,22,2025-07-02 10:58:12,22,,,,,49144020,,0
559,NCC0299,1,,Hoa An Trú - CT TNHH XÂY DỰNG TMDV PHÚC TẤN LỘC - CT TNHH ĐT KD XNK PHẠM GIA,,,,,,,,,,,,,,,,,,22,2025-07-04 10:51:21,22,,,,"[{""bank_number"":"""",""bank_title"":""""}]",860992200,,0
562,NCC0300,1,,CÔNG TY CỔ PHẦN THƯƠNG MẠI - DỊCH VỤ TOTTOT,,,,,,,,,,,,,,,0316224870,,,2,2025-07-07 16:10:55,2,,,,"[{""bank_number"":"""",""bank_title"":""""}]",7020000,,0
565,NCC0301,1,,CÔNG TY TNHH JOYOUNG VIỆT NAM,,,,,,,,,,,78-80 Nguyễn Văn Yến,,,,0313720775,,,38,2025-07-08 11:06:17,38,,,,"[{""bank_number"":""16669888"",""bank_title"":""26""}]",6960000,,0
568,NCC0302,1,,Công ty TNHH BS Saigon,,,,,,,,,0989397989,vinhbssaigon@gmail.com,"B4.10 Tòa nhà   the Golden Star, 58B Nguyễn Thị Thập, P Tân Thuận, TP.HCM",,,,0304 806874,,,38,2025-07-08 11:50:42,38,,,,"[{""bank_number"":""0105655868888"",""bank_title"":""33""}]",648000,,0
571,NCC0303,0,3,NHÀ MAY ĐẸP - VÕ THỊ ĐẸP,,,,,,,,,,,,,,,,,,38,2025-07-08 12:03:45,38,,,,"[{""bank_number"":""060275150511"",""bank_title"":""39""}]",5000000,,0
574,NCC0304,1,,CÔNG TY TNHH VẬN TẢI - DU LỊCH ANH TUẤN KIỆT,,,,,,,,,,,,,,,0318803760,,,2,2025-07-08 14:06:56,2,,,,"[{""bank_number"":"""",""bank_title"":""""}]",24840000,,0
577,NCC0305,1,,CÔNG TY TNHH THƯƠNG MẠI DỊCH VỤ VẬN TẢI TUYẾT HẰNG,,,,,,,,,,,,,,,0312102991,,,2,2025-07-08 14:07:21,2,,,,"[{""bank_number"":"""",""bank_title"":""""}]",10800000,,0
580,NCC0306,1,,CÔNG TY TNHH THƯƠNG MẠI MỸ NGHỆ HOÀNG PHÚC,,,,,,,,,,,,,,,0316493866,,,2,2025-07-10 11:12:14,2,,,,"[{""bank_number"":"""",""bank_title"":""""}]",130842000,,0
583,NCC0307,1,,CÔNG TY TNHH SẢN XUẤT - THƯƠNG MẠI - XUẤT NHẬP KHẨU LỢI HIỀN PHÁT,,,,,,,,,,,"Số 30 Đường số 1 TTHC Dĩ An, Khu phố Nhị Đồng 2, Phường Dĩ An, TP Hồ Chí Minh, Việt Nam",,,,3703069138 ,,,38,2025-07-16 12:00:33,38,,,,"[{""bank_number"":""80912468"",""bank_title"":""18""}]",12690000,,0
586,NCC0308,1,,CÔNG TY TNHH DỊCH VỤ VẬN TẢI PHÁT HOÀNG KIM,,,,,,,,,,,,,,,3703086165,,,2,2025-07-16 17:18:16,2,,,,"[{""bank_number"":"""",""bank_title"":""""}]",16080000,,0
589,NCC0309,0,,Cơ Sở Hòm Hoàng Thạch,,,,,,,,,,,,,,,075055003305,,,2,2025-07-18 10:53:48,2,,,,"[{""bank_number"":"""",""bank_title"":""""}]",1153500000,,0
592,NCC0310,1,,CÔNG TY TNHH LẮP ĐẶT INOX THÀNH PHÁT,,,,,,,,,,,,,,,0318885883,,,38,2025-07-18 14:31:48,38,,,,"[{""bank_number"":""6807777999"",""bank_title"":""33""}]",83181000,,0
595,NCC0311,1,,CÔNG TY TNHH SẢN XUẤT THƯƠNG MẠI DỊCH VỤ SYNKA,,,,,,,,,,,,,,,0314458866,,,2,2025-07-22 10:29:02,2,,,,"[{""bank_number"":"""",""bank_title"":""""}]",11880000,,0
598,NCC0312,1,,CÔNG TY TNHH FLORAL DESIGN XINDUOLA VIETNAM,,,,,,,,,,,,,,,,,,22,2025-07-22 12:44:02,22,,,,,15000000,,0
601,NCC0313,1,,CÔNG TY TRÁCH NHIỆM HỮU HẠN ĐIỆN MÁY XUÂN HÒA,,,,,,,,,,xuanhoaaudition@gmail.com,"8A đường Nguyễn Văn Bứa, ấp 3, xã Xuân Thới Sơn, TPHCM",,,,0315061581,,,38,2025-07-24 15:36:18,38,,,,"[{""bank_number"":""967788"",""bank_title"":""18""}]",53000000.1,,0
607,NCC0315,1,,CÔNG TY TNHH THƯƠNG MẠI DỊCH VỤ KỸ THUẬT TIN HỌC KIM TÀI PHÁT,,,,,,,,,,,,,,,0314276390,,,38,2025-07-28 15:48:35,38,,,,"[{""bank_number"":""234.450.399"",""bank_title"":""18""}]",74088000,,0
610,NCC0316,1,,CÔNG TY TNHH DỊCH VỤ VẬN TẢI PHÁT HOÀNG KIM,,,,,,,,,,,,,,,,,,22,2025-07-29 10:33:45,22,,,,,43920000,,0
613,NCC0317,1,,CÔNG TY TNHH SẢN XUẤT THƯƠNG MẠI DỊCH VỤ GIA CƯƠNG,,,,,,,,,,,,,,,0312234067,,,38,2025-07-30 17:24:41,38,,,,"[{""bank_number"":""158644559"",""bank_title"":""18""}]",8347763.5,,0
616,NCC0318,1,,CÔNG TY TNHH MỘT THÀNH VIÊN THƯƠNG MẠI DỊCH VỤ ĐIỆN CƠ HỮU TIẾN,,,,,,,,,,,,,,,3702131312,,,38,2025-07-30 17:27:24,38,,,,"[{""bank_number"":""913858638"",""bank_title"":""18""}]",,,0
619,NCC0319,0,,Nhà thuốc Pharmacity,,,,,,,,,,,,,,,,,,2,2025-08-04 10:47:12,2,,,,"[{""bank_number"":"""",""bank_title"":""""}]",590000,,0
622,NCC0320,1,,CÔNG TY TNHH MỘT THÀNH VIÊN THIẾT BỊ ĐIỆN THT,,,,,,,,,,,,,,,0318337118,,,38,2025-08-04 17:59:49,38,,,,"[{""bank_number"":"""",""bank_title"":""""}]",45754000,,0
625,NCC0321,1,,CÔNG TY CỔ PHẦN CÔNG NGHỆ CHIẾU SÁNG ILIKE,,,,,,,,,,,,,,,0102852927,,,38,2025-08-05 09:44:08,38,,,,"[{""bank_number"":"""",""bank_title"":""""}]",10181160,,0
628,NCC0322,1,,CÔNG TY TNHH THƯƠNG MẠI SẢN XUẤT TRANG TRÍ NỘI THẤT HOÀNG PHÁT,,,,,,,,,,,,,,,0315043751,,,2,2025-08-11 11:59:45,2,,,,"[{""bank_number"":"""",""bank_title"":""""}]",18056520,,0
631,NCC0323,1,,CÔNG TY TNHH THƯƠNG MẠI DỊCH VỤ BÌNH DUY,,,,,,,,,,,,,,,3703241621,,,2,2025-08-12 16:19:28,2,,,,"[{""bank_number"":"""",""bank_title"":""""}]",245905200,,0
634,NCC0324,0,,Cơ sở Tượng phật Thiện Tâm,,,,,,,,,,,,,,,,,,2,2025-08-12 16:35:55,2,,,,"[{""bank_number"":"""",""bank_title"":""""}]",91800000,,0
637,NCC0325,0,,Nguyễn Thị Thu Cúc (MC Hoàng Lan),,,,,,,,,,,,,,,,,,2,2025-08-13 10:19:57,2,,,,"[{""bank_number"":"""",""bank_title"":""""}]",74422220.72999999,,0
640,NCC0326,1,,CÔNG TY CỔ PHẦN THƯƠNG MẠI THIẾT BỊ KHÁNH AN,,,,,,,,,,,,,,,3702446707,,,2,2025-08-13 17:44:06,2,,,,"[{""bank_number"":"""",""bank_title"":""""}]",2310000,,0
643,NCC0327,1,,CÔNG TY TNHH DỊCH VỤ BẢO VỆ NAM HẢI SƠN,,,,,,,,,,,,,,,0303610212,,,2,2025-08-14 16:39:17,2,,,,"[{""bank_number"":"""",""bank_title"":""""}]",20182500,,0
646,NCC0328,1,,CÔNG TY TNHH LOK'S MEDIA,,,,,,,,,,,,,,,,,,22,2025-08-15 13:46:33,22,,,,,89800000.47,,0
649,NCC0329,1,,CÔNG TY TNHH MỘT THÀNH VIÊN MÔI TRƯỜNG ĐÔ THỊ THÀNH PHỐ HỒ CHÍ MINH,,,,,,,,,,,,,,,0300438813,,,2,2025-08-18 12:18:10,2,,,,"[{""bank_number"":"""",""bank_title"":""""}]",273635159.52,,0
652,NCC0330,0,,Hộ Kinh Doanh Green Fruits,,,,,,,,,,,,,,,,,,2,2025-08-18 12:23:14,2,,,,"[{""bank_number"":"""",""bank_title"":""""}]",540916,,0
655,NCC0331,0,,Anh Minh Mica,,,,,,,,,,,,,,,,,,2,2025-08-19 14:58:42,2,,,,"[{""bank_number"":"""",""bank_title"":""""}]",,,0
658,NCC0332,0,,Cơ Sở Mộc Mạnh Dũng,,,,,,,,,,,,,,,,,,2,2025-08-22 14:20:27,2,,,,"[{""bank_number"":"""",""bank_title"":""""}]",21700000,,0
661,NCC0333,1,,CÔNG TY TNHH THƯƠNG MẠI VÀ DỊCH VỤ NHẤT MINH DŨNG,,,,,,,,,,,,,,,0316336246,,,2,2025-08-22 14:24:51,2,,,,"[{""bank_number"":"""",""bank_title"":""""}]",59699972,,0
664,NCC0334,1,,CHI NHÁNH CÔNG TY CỔ PHẦN  XÂY DỰNG VÀ DỊCH VỤ CÔNG CỘNG- NGHĨA TRANG DĨ AN,,,,,,,,,,,,,,,3700149145-002,,,2,2025-08-22 17:01:28,2,,,,"[{""bank_number"":"""",""bank_title"":""""}]",83910000,,0
667,NCC0335,1,,CÔNG TY CỔ PHẦN XUẤT NHẬP KHẨU THƯƠNG MẠI APOLLO,,,,,,,,,,,,,,,0315880372,,,2,2025-08-25 12:01:04,2,,,,"[{""bank_number"":"""",""bank_title"":""""}]",15119999.68,,0
670,NCC0336,1,,CÔNG TY TNHH SẢN XUẤT THƯƠNG MẠI XUẤT NHẬP KHẨU MINH TRIẾT,,,,,,,,,,,,,,,0317334555,,,2,2025-08-25 14:49:38,2,,,,"[{""bank_number"":"""",""bank_title"":""""}]",,,0
673,NCC0337,1,,PHÚC DU - CTY TNHH TRUYỀN THÔNG VÀ TỔ CHỨC SỰ KIỆN PRODUTION & CTY TNHH TMDV HOÀNG NGHĨA VĂN & CTY TNHH TMDV QC VHV,,,,,,,,,,,,,,,,,,22,2025-08-26 16:28:17,22,,,,"[{""bank_number"":"""",""bank_title"":""""}]",357247800,,0
676,NCC0338,1,,CÔNG TY TNHH THƯƠNG MẠI DỊCH VỤ ĐIỆN DANH NGUYỄN,,,,,,,,,,,,,,,0316149285,,,2,2025-08-27 11:52:18,2,,,,"[{""bank_number"":"""",""bank_title"":""""}]",21755078,,0
679,NCC0339,0,,Sư thầy Đạo Phước,,,,,,,,,,,,,,,,,,2,2025-08-28 16:43:56,2,,,,"[{""bank_number"":"""",""bank_title"":""""}]",2000000,,0
682,NCC0340,1,,CÔNG TY TNHH THƯƠNG MẠI XUẤT NHẬP KHẨU TRANG MINH,,,,,,,,,,,,,,,0313480403,,,2,2025-09-03 15:31:25,2,,,,"[{""bank_number"":"""",""bank_title"":""""}]",19687999.92,,0
685,NCC0341,1,,CÔNG TY TNHH  THƯƠNG MẠI VÀ DỊCH VỤ QUANG HẢI HÀ,,,,,,,,,,,,,,,0700905438,,,2,2025-09-08 12:06:09,2,,,,"[{""bank_number"":"""",""bank_title"":""""}]",1231815600,,0
688,NCC0342,0,,Cửa hàng Minh Thảo,,,,,,,,,0906857032,,,,,,,,,2,2025-09-10 15:59:56,2,,,,"[{""bank_number"":"""",""bank_title"":""""}]",86860000,,0
691,NCC0343,1,,CÔNG TY TNHH XUẤT NHẬP KHẨU VÀ DỊCH VỤ KỸ THUẬT THIẾT BỊ BẢO MINH,,,,,,,,,,,,,,,0108617743,,,2,2025-09-10 16:14:11,2,,,,"[{""bank_number"":"""",""bank_title"":""""}]",,,0
693,NCC0344,1,,CÔNG TY TNHH THƯƠNG MAI VÀ DỊCH VỤ ẨM THỰC FOODHOMES (mâm ăn),,,,,,,,,,,,,,,,,,22,2025-09-15 09:37:02,22,,,,,26978400,,0
696,NCC0345,1,,CÔNG TY TNHH T&P THỊNH PHÁT,,,,,,,,,,,,,,,0318942757,,,2,2025-09-16 17:14:51,2,,,,"[{""bank_number"":"""",""bank_title"":""""}]",5424840,,0
699,NCC0346,0,,Anh Luân Đạo tỳ Vũng Tàu,,,,,,,,,0767884117,,,,,,,,,2,2025-09-17 11:45:29,2,,,,"[{""bank_number"":"""",""bank_title"":""""}]",48333333,,0
702,NCC0347,1,,CÔNG TY CỔ PHẦN BIGSHOP VIỆT NAM,,,,,,,,,,,,,,,0107338930,,,2,2025-09-18 10:01:53,2,,,,"[{""bank_number"":"""",""bank_title"":""""}]",7042400,,0
705,NCC0348,0,,NGUYỄN THỊ KHÁNH HÀ,,,,,,,,,,,,,,,,,,2,2025-10-02 15:57:31,2,,,,"[{""bank_number"":"""",""bank_title"":""""}]",265600000,,0
708,NCC0349,1,,CÔNG TY TNHH DỊCH VỤ BẢO VỆ - VỆ SỸ AN NINH THẮNG LỢI 24/7,,,,,,,,,,,,,,,0317380992,,,2,2025-10-09 14:30:23,2,,,,"[{""bank_number"":"""",""bank_title"":""""}]",168508080,,0
711,NCC0350,1,,HỘ KINH DOANH CƠ SỞ SẢN XUẤT ÁO QUAN THẾ PHONG,,,,,,,,,,,,,,,8937814122-001,,,2,2025-10-09 14:35:57,2,,,,"[{""bank_number"":"""",""bank_title"":""""}]",152800000,,0
712,NCC0351,1,,CÔNG TY TNHH THƯƠNG MẠI VẬN TẢI NGUYỄN PHƯỚC,,,,,,,,,0919183713,,,,,,0313884646,,,2,2025-10-13 10:16:23,2,,,,"[{""bank_number"":"""",""bank_title"":""""}]",77448998.67999999,,0
715,NCC0352,1,,CÔNG TY CP XNK THƯƠNG MẠI HOÀNG ANH,,,,,,,,,,,,,,,0108805539,,,2,2025-10-13 10:44:43,2,,,,"[{""bank_number"":"""",""bank_title"":""""}]",2214000,,0
716,NCC0353,0,,Đạo Tỳ Bình Dương Anh Cường,,,,,,,,,,,,,,,,,,2,2025-10-20 11:16:42,2,,,,"[{""bank_number"":"""",""bank_title"":""""}]",7000000,,0
719,NCC0354,0,,NGUYỄN TRỌNG HOÀNG (MEDIA BLS),,,,,,,,,,,,,,,,,,22,2025-10-21 09:33:13,22,,,,,468750000,,0
722,NCC0355,1,,CÔNG TY TNHH VIETCANDLE,,,,,,,,,0862326958,,,,,,0110949626,,,2,2025-10-21 11:26:30,2,,,,"[{""bank_number"":"""",""bank_title"":""""}]",33737000.32,,0
725,NCC0356,0,,Shop Tranh Phương Nam,,,,,,,,,,,,,,,,,,2,2025-10-27 14:03:29,2,,,,"[{""bank_number"":"""",""bank_title"":""""}]",1950000,,0
728,NCC0357,1,,CÔNG TY TNHH THƯƠNG MẠI DỊCH VỤ ÂN DUY,,,,,,,,,,,,,,,3703245249,,,2,2025-10-27 15:03:50,2,,,,"[{""bank_number"":"""",""bank_title"":""""}]",362410200,,0
731,NCC0358,0,,TRẠI HÒM ĐỒNG NAI - CHÍN HUỲNH THÀNH,,,,,,,,,,,,,,,,,,22,2025-10-29 17:59:53,22,,,,,85266667,,0
734,NCC0359,1,,CÔNG TY TNHH THẢO DƯỢC PHƯỚC TUỆ,,,,,,,,,,,,,,,0110229882,,,2,2025-10-31 10:35:26,2,,,,"[{""bank_number"":"""",""bank_title"":""""}]",95201287,,0
736,NCC0360,1,,Nguyễn Minh Hoàng,,,,,,,,,,,,,,,075055003305,,,2,2025-11-10 14:53:11,2,,,,"[{""bank_number"":"""",""bank_title"":""""}]",2010200000,,0
739,NCC0361,1,,CÔNG TY CỔ PHẦN GỐM SỨ SÁNG TẠO VIỆT NAM,,,,,,,,,,,,,,,0311855329,,,2,2025-11-11 16:50:58,2,,,,"[{""bank_number"":"""",""bank_title"":""""}]",18144000,,0
740,NCC0362,0,,VĂN TRUNG TÍNH (MEDIA),,,,,,,,,,,,,,,,,,22,2025-11-17 09:30:26,22,,,,,10000000,,0
743,NCC0363,0,,PHAN MỸ CHÂU (Thầy người Hoa),,,,,,,,,,,,,,,,,,22,2025-11-19 09:13:06,22,,,,,49666666,,0
746,NCC0364,1,,CÔNG TY TNHH KỸ THUẬT VÀ CÔNG NGHỆ MINH ANH,,,,,,,,,,,,,,,0305546932,,,2,2025-11-24 10:04:16,2,,,,"[{""bank_number"":"""",""bank_title"":""""}]",5100000.22,,0
749,NCC0365,1,,Phòng Khám Gia Đình Tokyo,,,,,,,,,,,,,,,,,,22,2025-11-25 10:20:16,22,,,,,1000000,,0
751,NCC0366,0,,Đạo tỳ Anh Dũng,,,,,,,,,,,,,,,,,,2,2025-12-02 10:48:25,2,,,,"[{""bank_number"":"""",""bank_title"":""""}]",448555529.2,,0
752,NCC0367,0,,Đạo tỳ Anh Dũng Quận 12,,,,,,,,,,,,,,,,,,2,2025-12-05 11:17:33,2,,,,"[{""bank_number"":"""",""bank_title"":""""}]",,,0
755,NCC0368,1,,CTY CP SX ĐT XÂY DỰNG THÀNH PHỐ XANH,,,,,,,,,,,,,,,0310698761,,,22,2025-12-09 14:02:06,22,,,,,12960000,,0
758,NCC0369,0,,Thầy Thiện Chí - Chùa Bảo Long,,,,,,,,,,,,,,,,,,22,2025-12-11 17:01:55,22,,,,,32000000,,0
761,NCC0370,1,,CÔNG TY CỔ PHẦN DỊCH VỤ KỸ NGHỆ PHÚ HƯNG,,,,,,,,,,,,,,,0314333289,,,2,2025-12-12 08:55:07,2,,,,"[{""bank_number"":"""",""bank_title"":""""}]",4381685,,0
764,NCC0371,1,,CÔNG TY TNHH DỆT LIÊN MINH,,,,,,,,,,,,,,,0313206591,,,2,2025-12-16 09:42:35,2,,,,"[{""bank_number"":"""",""bank_title"":""""}]",170046000.7,,0
767,NCC0372,0,,NGÔ TRẦN QUANG ĐỨC,,,,,,,,,,,,,,,,,,22,2025-12-22 09:31:31,22,,,,,2100000,,0
770,NCC0373,0,,Rạp anh Dũng Thủ Đức (Dương Anh Tuấn),,,,,,,,,,,,,,,,,,2,2025-12-24 12:06:01,2,,,,"[{""bank_number"":"""",""bank_title"":""""}]",2833332,,0
773,NCC0374,1,,CÔNG TY TNHH DỊCH VỤ DU LỊCH MAI HOA - XUÂN THẮNG,,,,,,,,,,,,,,,3600758746,,,2,2026-01-08 17:07:09,2,,,,"[{""bank_number"":"""",""bank_title"":""""}]",2700000,,0
776,NCC0375,1,,CÔNG TY TNHH THƯƠNG MẠI DỊCH VỤ NỘI THẤT BỐN MÙA,,,,,,,,,,,,,,,0317829861,,,2,2026-01-12 17:44:52,2,,,,"[{""bank_number"":"""",""bank_title"":""""}]",29701999.66,,0
779,NCC0376,1,,Hộ kinh doanh Huỳnh Dũng,,,,,,,,,,,,,,,072068009680,,,2,2026-01-20 10:00:48,2,,,,"[{""bank_number"":"""",""bank_title"":""""}]",6500000,,0
782,NCC0377,1,,CÔNG TY TNHH DỊCH VỤ VẬN TẢI DU LỊCH HOÀNG LONG,,,,,,,,,,,,,,,3500821810,,,2,2026-01-20 10:03:58,2,,,,"[{""bank_number"":"""",""bank_title"":""""}]",8640000,,0
785,NCC0378,1,,CÔNG TY TNHH GNT VIETNAM,,,,,,,,,,,,,,,0316965861,,,2,2026-01-27 10:11:51,2,,,,"[{""bank_number"":"""",""bank_title"":""""}]",30100000,,0
788,NCC0379,1,,CÔNG TY TNHH CÔNG NGHIỆP BÍCH HẢO,,,,,,,,,,,,,,,0314120611,,,2,2026-01-27 17:49:01,2,,,,"[{""bank_number"":"""",""bank_title"":""""}]",35500000.37,,0
791,NCC0380,1,,CÔNG TY TNHH GIA CÔNG CƠ KHÍ THẾ MINH,,,,,,,,,,,,,,,3603542488,,,2,2026-02-09 15:23:44,2,,,,"[{""bank_number"":"""",""bank_title"":""""}]",2754000,,0
794,NCC0381,0,,Nguyễn Hồng Ý (Thầy Chúc Tưởng),,,,,,,,,,,,,,,,,,22,2026-02-10 10:35:26,22,,,,,49999995,,0
797,NCC0382,1,,Công Ty TNHH TM DV Du Lịch Detra Sài Gòn,,,,,,,,,,,,,,,,,,22,2026-02-10 18:14:46,22,,,,,20320001,,0
800,NCC0383,1,,CÔNG TY TNHH KHÍ CÔNG NGHIỆP HƯNG PHÁT,,,,,,,,,,,,,,,0318141725,,,"22,23",2026-02-26 10:59:41,22,,,,"[{""bank_number"":"""",""bank_title"":""""}]",9504000,,0
803,NCC0384,1,,CÔNG TY TNHH BÁN LẺ SONG MÃ,,,,,,,,,0901328139,,,,,,0309979020,,,2,2026-03-30 15:17:50,2,,,,"[{""bank_number"":"""",""bank_title"":""""}]",33597440,,0
806,NCC0385,1,,CÔNG TY TNHH ĐIỆN CƠ TECHFAN VIỆT NAM,,,,,,,,,0909820185,,,,,,0318372306,,,2,2026-04-06 09:17:35,2,,,,"[{""bank_number"":"""",""bank_title"":""""}]",89640000,,0
809,NCC0386,1,,HỘ KINH DOANH PHỤ KIỆN TANG LỄ DUY TÂN,,,,,,,,,,,,,,,049089000757,,,2,2026-04-06 10:30:36,2,,,,"[{""bank_number"":"""",""bank_title"":""""}]",100140000,,0
812,NCC0387,1,,CÔNG TY TNHH PHÂN PHỐI QUẢ TÁO ĐỎ,,,,,,,,,,,,,,,0313933854,,,2,2026-04-06 15:50:24,2,,,,"[{""bank_number"":"""",""bank_title"":""""}]",0,,0
815,NCC0388,1,,CÔNG TY CỔ PHẦN SAMCO VINA,,,,,,,,,,,,,,,0313121108,,,2,2026-04-09 16:07:41,2,,,,"[{""bank_number"":"""",""bank_title"":""""}]",62640000,,0
818,NCC0389,1,,CÔNG TY TNHH DỊCH VỤ VÀ SẢN XUẤT THƯƠNG MẠI THỊNH VƯỢNG,,,,,,,,,,,,,,,0111150120,,,2,2026-04-14 12:36:38,2,,,,"[{""bank_number"":"""",""bank_title"":""""}]",8505000,,0
821,NCC0390,1,,Công Ty TNHH Nội Thất Hoàng Khang,,,,,,,,,,,,,,,0312015160,,,2,2026-04-14 12:40:05,2,,,,"[{""bank_number"":"""",""bank_title"":""""}]",16200000,,0
823,NCC0391,0,,Thầy Giác Tuệ,,,,,,,,,,,,,,,,,,22,2026-05-05 09:18:34,22,,,,,3333333,,0
825,NCC0392,0,,"CM STUDIO - CÁO PHÓ, DI ẢNH",,,,,,,,,,,,,,,,,,22,2026-05-06 10:48:14,22,,,,"[{""bank_number"":"""",""bank_title"":""""}]",,,0
827,NCC0393,0,,CÔNG TY TNHH TOHUP,,,,,,,,,0364018575,,,,,,,,,2,2026-05-10 11:31:36,2,,,,"[{""bank_number"":"""",""bank_title"":""""}]",,,0
829,NCC0394,1,,CÔNG TY TNHH THƯƠNG MẠI DỊCH VỤ RIOTECH,,,,,,,,,,,,,,,013888922,,,2,2026-05-12 16:46:28,2,,,,"[{""bank_number"":"""",""bank_title"":""""}]",,,0
